RSRP,RSSI,UE_TX_Power,NodeB_RX,Predicted NB_RX
-94.7,-83.9,4.0,-108.9,-104.6498027543534
-99.2,-83.5,13.2,-100.4,-104.56082298091536
-97.4,-83.3,9.0,-106.0,-104.50377892975239
-97.1,-83.2,10.0,-101.8,-104.1150069725334
-96.0,-83.6,8.1,-108.1,-104.23219600764925
-101.8,-86.7,3.7,-105.5,-109.37800981841586
-102.6,-85.2,2.0,-116.9,-109.25084538623656
-95.3,-82.4,7.5,-101.6,-103.3861632685675
-99.9,-83.2,8.5,-101.3,-105.6525115148865
-99.1,-82.3,7.0,-104.9,-105.10834636925381
-94.2,-80.2,-3.5,-94.7,-103.91168481653551
-90.3,-83.7,1.2,-101.4,-103.1636360074101
-90.1,-83.8,6.9,-108.1,-101.98121782165434
-92.6,-84.3,-0.1,-105.5,-104.76936719562319
-98.2,-83.1,8.2,-102.5,-104.90824043833788
-87.9,-76.1,-9.5,-99.0,-100.09331371469924
-87.5,-76.1,-5.5,-102.3,-99.11051978886178
-94.0,-81.6,-1.5,-109.5,-104.18819232690836
-90.4,-79.8,3.5,-100.7,-100.60493524653529
-92.3,-81.5,8.5,-101.2,-101.36757614595814
-96.7,-81.4,7.4,-102.7,-103.47538085736481
-89.4,-77.4,6.5,-97.7,-98.24265108682155
-95.7,-81.2,11.7,-103.0,-102.05774075276732
-95.3,-82.9,8.5,-100.7,-103.45882796283169
-91.6,-80.6,1.6,-101.8,-101.95609185648063
-92.1,-80.1,0.5,-101.6,-102.12414374314744
-89.9,-78.0,6.0,-100.0,-98.8931043462135
-87.4,-80.1,0.7,-103.1,-100.01058219086772
-88.3,-79.1,-2.9,-102.9,-100.5847960507579
-91.1,-80.1,2.2,-98.9,-101.34033022627553
-87.0,-81.2,0.7,-104.6,-100.43748939311924
-92.3,-78.7,-0.3,-106.4,-101.60573194876663
-88.8,-78.8,3.7,-93.9,-99.31032942074866
-93.6,-85.8,1.7,-105.7,-105.67038134361766
-93.8,-81.8,-0.8,-109.9,-104.06855897737326
-92.2,-84.4,1.9,-105.5,-104.24459739598649
-83.7,-78.2,2.2,-100.6,-97.03391737454432
-88.1,-77.5,-1.5,-103.9,-99.3367461175099
-90.2,-80.9,0.9,-103.2,-101.64419155370952
-96.8,-83.0,4.9,-108.7,-104.90106480616734
-89.9,-79.0,9.5,-96.6,-98.73605337973191
-92.6,-85.0,7.2,-102.3,-103.68173503788725
-94.1,-81.8,3.7,-109.4,-103.2937526467016
-96.8,-85.2,4.2,-104.3,-106.24888266796353
-94.4,-84.6,3.9,-102.3,-104.92157894697499
-93.3,-82.1,2.9,-102.2,-103.26668050298088
-93.7,-85.8,2.5,-109.8,-105.55322339906508
-93.5,-82.4,1.1,-105.3,-103.88231104379409
-91.5,-84.8,2.5,-107.9,-104.03426548523004
-93.4,-82.2,1.5,-106.8,-103.64786406529704
-97.2,-85.9,0.9,-109.6,-107.4745179981088
-94.6,-83.1,1.5,-103.1,-104.67085587841727
-94.0,-82.7,6.5,-106.4,-103.17885061491776
-97.8,-84.6,-0.5,-105.3,-107.30835497773037
-95.9,-83.8,0.5,-107.4,-105.82984553395522
-98.3,-85.2,-0.3,-108.4,-107.81769740478435
-97.3,-87.2,0.5,-102.4,-108.31231849133493
-97.5,-84.9,4.1,-108.0,-106.41327144657083
-96.2,-84.5,0.2,-112.7,-106.4066085759612
-98.5,-88.2,5.5,-109.7,-108.3822261072762
-103.7,-88.2,5.2,-109.9,-110.73650424048692
-102.2,-86.5,8.7,-108.8,-108.43682097515199
-94.4,-84.3,6.2,-107.4,-104.2933781107306
-96.8,-85.2,10.5,-105.0,-104.97888517692176
-98.3,-84.2,7.3,-101.8,-105.73713374419235
-99.5,-83.7,6.2,-102.6,-106.21396667769497
-96.9,-86.2,12.8,-102.5,-105.10785007256753
-96.4,-86.3,9.1,-104.3,-105.68801404384924
-100.9,-84.1,4.5,-105.8,-107.39362778512778
-95.8,-83.8,11.0,-98.8,-103.6690714707662
-100.5,-84.4,13.2,-100.0,-105.627926372155
-98.0,-84.4,15.0,-106.5,-104.1622804931581
-101.1,-85.3,11.2,-106.8,-106.78942252323877
-97.3,-85.1,7.1,-109.7,-105.8299882193538
-91.7,-81.8,12.7,-101.2,-100.42079264177637
-98.1,-84.6,7.2,-106.2,-105.88847055637086
-93.6,-82.8,10.9,-102.7,-102.17027224726516
-99.2,-85.6,3.7,-113.6,-107.6277552725824
-97.8,-86.8,8.2,-110.7,-106.76125594813091
-100.9,-86.2,5.7,-110.6,-108.30358021105721
-100.9,-86.9,1.9,-110.1,-109.45356268039487
-98.5,-85.5,4.5,-113.1,-107.1028543835538
-99.0,-86.6,8.7,-106.9,-107.08010079485206
-94.3,-84.1,6.5,-105.8,-104.07908982256754
-96.6,-85.0,5.2,-104.9,-105.84937196934312
-95.7,-82.0,7.7,-102.9,-103.3028909222938
-96.9,-85.6,11.7,-107.0,-105.00049374911652
-96.5,-83.1,12.7,-107.3,-103.25120254527828
-105.9,-85.5,11.1,-109.2,-109.03663760234555
-95.5,-83.4,13.2,-100.7,-102.87384427097679
-96.9,-84.7,6.3,-99.4,-105.59541015146488
-99.9,-85.8,9.2,-104.1,-106.93750899009005
-97.1,-84.2,14.2,-102.8,-103.81684517371382
-94.5,-82.7,13.2,-99.0,-102.048776253137
-95.9,-86.5,14.8,-97.8,-104.42811144325611
-102.2,-84.6,13.8,-107.4,-106.36657169722245
-102.7,-85.7,16.2,-97.0,-106.70667453453264
-92.6,-82.7,6.7,-102.9,-102.5209711405782
-100.3,-85.0,5.2,-111.7,-107.48150035976086
-101.3,-86.2,10.3,-104.8,-107.55272676817098
-101.0,-86.9,5.2,-110.2,-108.83243747749239
-101.9,-85.7,13.2,-115.7,-106.95854261959734
-100.7,-85.6,16.5,-108.5,-105.70911658162184
-98.2,-85.2,13.3,-108.4,-105.03200394124147
-104.8,-86.2,2.5,-110.6,-110.66900984840166
-98.6,-83.8,12.1,-102.5,-104.6824500644354
-98.8,-84.3,8.2,-103.3,-105.83111374130421
-98.9,-86.1,12.2,-104.2,-106.05618345743866
-106.6,-87.1,10.8,-118.7,-110.28349983251657
-112.5,-86.1,8.8,-114.8,-112.74075355303275
-105.3,-85.2,7.9,-107.8,-109.25249526575456
-92.3,-84.2,7.2,-102.3,-103.11059774736242
-96.0,-83.2,6.3,-101.8,-104.37565115557787
-99.1,-85.5,9.2,-109.0,-106.42006540657238
-97.7,-85.2,14.2,-102.4,-104.6300178376385
-100.3,-86.2,10.2,-110.6,-107.13176967731098
-98.1,-85.0,9.2,-108.6,-105.70469802777424
-98.0,-84.4,12.3,-107.5,-104.706565132176
-96.1,-83.7,8.3,-103.6,-104.29084052462149
-91.5,-81.2,12.2,-98.0,-100.1042610200826
-94.2,-85.2,10.2,-103.8,-103.89246021681939
-98.0,-84.6,11.3,-102.7,-105.0178526745576
-95.2,-84.0,15.2,-101.2,-102.66743764706364
-98.1,-83.7,11.2,-106.7,-104.58847006732357
-96.0,-82.7,10.2,-103.2,-103.31521063494787
-93.7,-82.8,9.3,-102.3,-102.5369228707285
-93.9,-82.1,12.2,-103.4,-101.65659177063561
-93.2,-81.6,13.2,-98.8,-100.87197222285572
-97.3,-81.6,9.3,-101.0,-103.46673584877692
-92.0,-81.2,4.2,-106.4,-101.93751413739929
-88.1,-78.2,9.2,-99.0,-97.5637184884181
-88.9,-82.9,9.9,-97.0,-100.35346529851422
-96.7,-82.8,6.9,-107.1,-104.34407878232636
-88.4,-77.7,9.8,-94.3,-97.3008494831682
-92.2,-83.2,16.8,-100.7,-100.58274870197111
-91.4,-80.5,10.0,-100.6,-100.11968839266532
-91.3,-81.4,3.2,-104.6,-101.94002063294514
-100.4,-84.5,5.2,-104.3,-107.25136034027614
-103.1,-83.9,3.0,-107.0,-108.55676221972284
-88.7,-83.3,4.0,-106.5,-101.67400615006451
-90.0,-82.8,2.0,-103.6,-102.37637887469248
-89.7,-80.8,5.0,-97.1,-100.54227703989784
-94.0,-86.2,2.2,-100.3,-105.96543548250858
-89.0,-82.2,3.0,-98.8,-101.40457427303356
-89.9,-85.1,0.2,-104.3,-103.95668107156405
-87.3,-82.2,2.2,-100.3,-100.81594696767577
-89.4,-83.3,2.2,-103.2,-102.34564362291223
-86.2,-81.3,4.2,-102.8,-99.433892925995
-89.2,-83.6,-1.8,-104.9,-103.22831903859577
-84.8,-80.8,5.2,-95.2,-98.34049233137931
-88.8,-83.9,-3.8,-107.2,-103.6195974913606
-86.4,-82.1,-8.0,-102.6,-102.42027885914797
-90.1,-83.6,-4.8,-108.5,-104.23008395169025
-92.6,-84.3,-6.0,-105.3,-105.95872992532897
-92.7,-81.5,-2.8,-103.0,-103.82195446617732
-82.1,-78.2,-6.8,-101.9,-98.14241425469359
-77.0,-73.2,-3.8,-93.6,-92.545447084543
-84.9,-80.1,0.4,-104.6,-98.96826880888474
-88.7,-81.3,-0.6,-103.4,-101.50429951501178
-86.7,-76.5,-1.2,-97.4,-98.11020475762807
-81.5,-75.6,-0.6,-92.5,-95.2017976777279
-89.8,-83.3,3.8,-102.6,-102.19955089004588
-86.7,-76.5,-9.0,-104.8,-99.68258260367978
-77.4,-73.6,-4.0,-94.2,-92.98161205577188
-81.8,-72.8,-2.8,-92.2,-94.24181465285085
-86.1,-81.2,1.4,-96.8,-99.89937435770666
-83.2,-73.3,-3.6,-98.9,-95.29489786679854
-83.2,-76.7,-8.8,-96.0,-98.20806062787449
-76.4,-72.9,-7.2,-87.9,-92.80162212862
-80.1,-72.0,-1.2,-94.9,-92.7305762233105
-75.9,-67.0,-9.8,-91.9,-89.86902133497807
-80.7,-71.3,-3.8,-96.8,-93.13541940406502
-80.0,-70.3,-8.2,-87.3,-93.16511753671678
-75.4,-66.4,-9.0,-87.0,-89.15809200458413
-79.6,-73.2,-7.8,-92.5,-94.49869572900721
-78.6,-70.2,-14.0,-95.1,-93.66190916289617
-84.7,-78.6,-9.4,-100.3,-100.03284251256517
-76.0,-66.4,-9.6,-88.5,-89.5437136153045
-76.9,-69.7,-10.8,-95.6,-91.99268264657437
-77.3,-71.2,-10.2,-95.7,-92.8709316098604
-74.2,-66.9,-14.8,-89.2,-90.07220870412728
-65.6,-61.8,-21.6,-88.7,-84.85203763300852
-66.4,-61.8,-24.8,-83.4,-85.8500083486516
-65.5,-61.7,-32.0,-90.0,-86.84957953010391
-72.1,-69.7,-16.6,-96.4,-91.04453093621501
-72.9,-66.0,-21.0,-91.9,-90.25494411359541
-68.2,-63.8,-12.6,-83.6,-85.28166292446979
-68.3,-65.8,-15.2,-88.9,-86.94690684168962
-70.1,-67.6,-20.0,-89.5,-89.69583813524552
-70.7,-67.6,-16.2,-88.2,-89.19447737127007
-67.8,-60.0,-20.8,-86.6,-84.67391707758843
-74.4,-64.4,-21.0,-93.9,-90.03901267305315
-62.7,-54.5,-27.4,-81.8,-80.73793258189733
-68.5,-58.9,-30.4,-90.9,-86.31457888175876
-66.5,-63.0,-21.3,-89.9,-85.84676959933105
-66.1,-62.7,-17.4,-82.5,-84.71958340526513
-64.2,-55.6,-18.8,-80.2,-80.26931239969373
-70.5,-60.6,-15.6,-87.3,-85.14577970656934
-68.8,-57.6,-19.0,-78.3,-83.43576876427062
-68.6,-59.3,-18.6,-81.1,-84.1993662785499
-67.6,-64.4,-18.2,-83.3,-86.47498203158214
-71.9,-63.0,-12.6,-88.6,-86.47498875872091
-67.4,-64.2,-11.6,-84.7,-84.94658467425793
-74.1,-68.9,-6.6,-85.1,-89.47209090903674
-71.0,-62.0,-14.6,-82.4,-85.93265516711797
-75.6,-67.3,-14.0,-92.3,-90.7479025532102
-76.6,-68.2,-10.4,-86.9,-90.95695835806775
-79.2,-69.2,-13.3,-95.5,-93.2369646040663
-80.5,-75.3,-8.6,-94.3,-96.20882616469115
-83.0,-78.9,-12.4,-94.3,-100.05225735311777
-80.2,-70.4,-10.6,-94.1,-93.79199958049233
-80.5,-70.2,-9.2,-95.8,-93.5324120111329
-73.8,-69.6,-10.4,-91.4,-90.48973864401619
-88.5,-77.2,-3.0,-98.7,-99.65102182643497
-76.6,-71.8,-8.4,-90.8,-92.52839605413764
-79.5,-73.3,-4.6,-91.5,-93.86435637972075
-83.9,-77.2,-4.2,-91.8,-97.8637935169506
-82.0,-72.2,-8.4,-99.7,-95.12982255066848
-77.3,-73.1,-5.3,-92.9,-92.9253118543903
-78.7,-74.8,-15.0,-96.2,-96.43072234231359
-85.5,-70.6,-12.8,-96.0,-96.68310504721002
-85.3,-75.8,2.6,-97.1,-96.34266019461883
-84.5,-74.1,-3.2,-99.1,-96.22651617718135
-82.3,-72.2,-1.4,-96.1,-93.85104896164692
-89.5,-77.1,-4.0,-96.5,-100.23887419144808
-92.0,-76.6,2.8,-103.7,-99.69662110411716
-89.5,-76.4,6.4,-98.7,-97.75841816006668
-89.0,-77.2,3.8,-92.4,-98.50078877432021
-91.8,-78.3,-0.7,-98.8,-101.2464075414223
-94.6,-78.0,0.8,-101.8,-102.01460041519304
-88.2,-77.4,0.6,-94.6,-98.90267487909456
-88.0,-76.0,1.4,-97.9,-97.88527772689221
-85.6,-78.5,0.6,-99.3,-98.35912736271929
-87.1,-76.0,-0.8,-97.6,-97.93176471116554
-78.0,-72.0,-9.6,-89.1,-93.49756307085882
-78.9,-69.5,-4.6,-92.8,-91.51537476921293
-82.6,-76.8,1.4,-93.3,-95.9420550646113
-82.4,-77.2,-0.6,-96.0,-96.47640699313574
-83.1,-74.6,-10.2,-91.5,-97.29431400449366
-88.2,-74.9,-1.4,-99.5,-97.93459069775379
-83.4,-72.4,-0.6,-90.3,-94.28470743733
-83.8,-73.8,-5.0,-91.5,-96.116040597795
-96.4,-70.4,-6.0,-104.7,-100.01077548047108
-86.4,-72.8,3.5,-86.2,-95.0009497553014
-81.9,-70.5,-4.1,-86.8,-93.28643185633317
-90.9,-75.3,5.0,-98.6,-98.0548484036851
-91.1,-75.0,5.5,-102.9,-97.87772714969145
-89.9,-76.3,-4.2,-98.0,-100.01683532842705
-87.0,-71.8,-2.4,-101.9,-95.90647875851532
-85.9,-72.0,1.6,-104.8,-94.72460442488374
-83.2,-74.3,5.9,-94.0,-93.92832548027717
-85.6,-74.9,0.2,-100.3,-96.4651506213055
-92.3,-73.5,16.2,-89.5,-95.4273314285742
-87.7,-67.8,-1.2,-90.5,-93.77934274051005
-57.8,-54.8,-39.8,-78.4,-81.24069381402481
-62.3,-57.6,-37.8,-79.8,-84.358349969301
-80.2,-64.0,-20.3,-93.4,-92.23697209355699
-69.9,-65.0,-22.3,-89.8,-88.64515654914713
-85.1,-71.2,-21.3,-102.5,-98.54924933024708
-78.9,-68.3,-9.0,-87.8,-91.74415330965881
-79.6,-67.5,-12.8,-89.9,-92.38016203301984
-80.3,-71.3,-12.2,-91.4,-94.6523030796431
-82.9,-62.4,-14.0,-99.1,-91.28038209940576
-60.8,-57.8,-17.9,-83.1,-79.79479756008642
-59.9,-56.4,-27.6,-80.2,-80.58528184611788
-59.0,-56.6,-19.9,-77.4,-78.74575912636725
-53.2,-49.3,-28.9,-77.1,-73.99749640048137
-49.1,-46.6,-26.6,-69.3,-70.24431319284176
-48.1,-45.6,-31.3,-71.5,-70.20215266213732
-46.9,-41.8,-33.4,-69.2,-68.01183407992701
-44.2,-41.2,-36.0,-68.4,-67.01584550226218
-44.1,-40.8,-41.4,-62.6,-67.84090192409528
-45.2,-41.6,-50.0,-69.1,-70.49857920829896
-44.5,-41.9,-46.4,-67.1,-69.62863626800178
-53.7,-44.5,-30.2,-66.9,-71.84730192842058
-62.0,-51.8,-26.8,-78.4,-78.82724076599521
-61.9,-53.9,-24.6,-81.2,-79.49149471046528
-59.9,-50.2,-24.0,-78.9,-76.45884918380271
-69.1,-59.7,-27.8,-86.5,-86.49392495795787
-67.4,-57.0,-24.8,-78.4,-83.65830879284586
-67.7,-55.9,-23.6,-85.0,-82.94538572846699
-62.2,-49.9,-31.6,-80.4,-78.8409249873701
-65.8,-54.5,-27.8,-84.9,-82.18602626493468
-61.8,-52.3,-33.8,-82.6,-80.42437753074029
-59.4,-55.1,-30.2,-79.2,-80.17579575043403
-64.4,-53.9,-31.2,-85.6,-81.924757725494
-71.6,-65.8,-17.6,-92.1,-88.8863974876457
-76.0,-65.8,-21.2,-83.8,-91.5530197769231
-70.6,-60.3,-20.2,-84.6,-85.95264008149009
-84.0,-66.6,-26.0,-91.9,-96.48836571867344
-77.0,-72.8,-17.4,-97.4,-95.06762769188316
-82.0,-71.2,-4.7,-90.9,-93.83544781310232
-82.2,-67.7,-10.2,-94.5,-93.11263775448197
-85.0,-72.5,-10.2,-93.6,-96.98057727882485
-72.1,-65.2,-11.0,-84.6,-87.44737989907398
-83.3,-72.9,-6.8,-93.9,-95.76468625752251
-68.0,-59.4,-4.0,-78.9,-81.04637834059088
-68.4,-61.9,-8.2,-88.5,-83.440747635117
-67.9,-62.0,-7.6,-85.3,-83.15408792203688
-72.2,-64.6,-6.6,-90.6,-86.27540718537257
-67.0,-60.4,-11.8,-89.4,-82.72614360065688
-75.8,-65.7,-14.0,-92.4,-89.95852059711575
-79.8,-69.8,-15.2,-96.9,-94.21375110625357
-69.2,-60.0,-16.2,-82.4,-84.36417941589619
-76.0,-69.8,-19.2,-95.8,-93.34385875107628
-71.8,-63.5,-24.8,-86.2,-89.16448899895319
-75.2,-68.0,-17.0,-91.8,-91.56016918739827
-71.9,-64.2,-19.8,-88.2,-88.58461829701858
-72.2,-67.2,-13.6,-86.7,-89.11262381629383
-75.3,-69.0,-15.8,-101.5,-91.91087967671801
-72.4,-65.9,-7.6,-91.9,-87.2782713987221
-69.6,-60.3,-6.2,-83.9,-82.68930765353662
-75.5,-66.6,-13.8,-90.1,-90.27952135777701
-70.8,-64.2,-17.0,-90.4,-87.53494760835328
-72.6,-64.4,-12.8,-81.0,-87.59199165951628
-78.5,-69.0,-12.8,-91.8,-92.71768946651888
-76.5,-67.1,-19.0,-88.1,-92.04314063394293
-80.7,-71.0,-13.0,-93.6,-94.82546795623018
-79.6,-69.2,-9.8,-94.9,-92.70785675485403
-78.1,-67.6,-8.2,-89.8,-90.84603892538586
-77.7,-67.9,-11.8,-88.3,-91.55985642349461
-79.0,-71.0,-14.0,-93.7,-94.27715803154038
-70.4,-60.8,-9.8,-82.6,-84.04216472811983
-77.1,-67.0,-17.0,-95.1,-91.84978597645856
-76.8,-65.3,-8.8,-89.5,-89.1319832028586
-74.1,-64.3,-15.2,-85.7,-88.68262357980234
-70.9,-63.0,-10.0,-87.9,-85.50974702884301
-75.3,-67.2,-8.6,-95.9,-89.47214822129537
-72.0,-63.8,-7.0,-89.5,-85.82901623430314
-66.5,-59.8,-11.6,-88.2,-82.13616641226693
-73.3,-65.2,-13.0,-83.2,-88.37989264318668
-70.9,-64.0,-17.2,-93.6,-87.50967592809903
-75.9,-63.5,-17.8,-89.0,-89.5619553784688
-79.5,-68.1,-10.3,-88.1,-92.16118511367549
-76.0,-68.3,-11.0,-91.9,-90.86809135087618
-74.1,-64.8,-15.2,-85.2,-88.95687517740647
-61.1,-53.7,-13.2,-78.3,-76.73081074839286
-64.9,-59.2,-22.8,-83.6,-83.35905256263918
-69.8,-63.3,-22.8,-86.6,-87.76938299084364
-69.3,-59.6,-20.3,-91.7,-85.01539601962612
-74.8,-65.8,-21.0,-91.1,-90.98336345882232
-73.4,-61.0,-24.2,-85.5,-88.37806411883889
-74.3,-59.2,-18.0,-83.9,-86.53792376983083
-73.1,-60.9,-21.8,-94.1,-87.70707049694397
-74.2,-61.3,-22.8,-88.6,-88.61328603768062
-66.2,-60.2,-17.4,-82.9,-83.39243699536384
-69.3,-63.2,-23.0,-84.3,-87.53429216139381
-65.7,-61.2,-25.0,-80.2,-85.25244276535884
-83.3,-71.8,-10.0,-95.9,-95.80641083348127
-87.8,-78.1,-2.8,-97.9,-99.79557627461864
-98.9,-80.8,0.8,-103.2,-105.44720722091036
-90.4,-77.2,6.5,-94.4,-98.57406622897389
-94.5,-81.7,-4.0,-99.4,-104.96756779537608
-86.4,-74.9,-2.5,-98.8,-97.36232788527857
-92.3,-82.0,4.5,-104.5,-102.44817535692212
-85.5,-74.8,7.5,-93.8,-94.89460432928352
-93.0,-73.4,1.5,-94.8,-98.64458963498662
-101.3,-75.0,-0.5,-105.7,-103.58662953790989
-95.8,-83.2,7.6,-100.7,-104.02536502499711
-98.3,-88.7,13.2,-107.6,-107.01603539292381
-98.8,-86.6,12.8,-103.4,-106.16537133491941
-98.1,-87.0,14.4,-104.3,-105.753452520823
-98.8,-85.0,12.6,-107.3,-105.32808360325417
-101.5,-88.2,15.8,-104.1,-107.62922834645654
-104.3,-89.6,11.0,-109.1,-110.59987414312309
-103.4,-86.2,11.0,-109.1,-108.33795907634038
-101.7,-91.1,8.2,-112.1,-110.84017123418305
-100.0,-88.8,11.4,-114.2,-108.18363896648636
-100.8,-88.9,9.8,-109.9,-108.91392095630631
-98.9,-87.9,10.4,-107.0,-107.40634563482548
-91.5,-83.5,8.8,-100.8,-102.05121384041752
-99.4,-88.6,14.8,-100.0,-107.12387338737244
-97.1,-85.7,8.8,-107.8,-105.72816924456204
-96.9,-86.1,14.0,-108.9,-104.81109546903875
-92.1,-83.2,12.0,-102.1,-101.50625425988353
-99.4,-85.7,7.2,-107.7,-107.06527458665215
-97.8,-86.3,10.0,-105.3,-106.12414792451484
-98.4,-82.7,9.2,-105.2,-104.57547541315341
-95.9,-83.8,12.2,-110.0,-103.47127876487767
-103.8,-88.2,13.1,-111.0,-109.1880792822206
-99.5,-85.0,15.1,-104.9,-105.13289739174003
-101.4,-87.8,15.8,-107.7,-107.36571549025382
-96.0,-84.6,12.2,-104.5,-103.95419289916367
-91.5,-84.8,13.1,-100.3,-101.89744430982643
-99.9,-87.0,14.2,-108.4,-106.58777830764016
-97.0,-83.2,7.9,-107.1,-104.49422789142791
-97.0,-84.0,11.6,-104.5,-104.18715890523667
-99.7,-87.4,6.9,-103.2,-108.19054082386641
-100.7,-86.2,15.2,-110.2,-106.30028147308877
-97.0,-85.4,9.8,-101.4,-105.3179198045402
-98.9,-85.8,15.5,-103.7,-105.22639571785429
-96.3,-84.8,7.5,-104.5,-105.14368671826135
-89.7,-78.6,9.2,-93.0,-98.48890501641179
-105.6,-83.8,18.2,-113.6,-106.54058042241954
-97.8,-82.3,11.8,-101.8,-103.5672787176698
-99.0,-83.9,14.8,-104.6,-104.36946205741594
-99.4,-83.2,11.6,-101.3,-104.80703422393563
-67.6,-63.9,-8.4,-81.7,-84.22517878124637
-53.8,-49.4,-22.4,-73.3,-73.00670131700883
-55.4,-52.1,-39.4,-84.3,-78.62042255076092
-64.6,-53.4,-27.2,-84.1,-80.93238167076879
-67.2,-61.3,-16.9,-81.9,-84.33611283961694
-80.8,-63.8,-22.0,-92.7,-92.73463865890966
-77.0,-62.7,-20.6,-87.3,-90.17282351096746
-68.2,-58.6,-19.0,-80.3,-83.71960249076251
-64.4,-55.6,-23.0,-86.1,-81.20420054996038
-69.7,-64.7,-25.0,-89.6,-88.93666707336375
-72.9,-67.1,-12.4,-90.2,-89.12465025960083
-64.9,-58.6,-12.2,-87.0,-80.89312947011061
-72.8,-63.6,-15.0,-86.8,-87.68490344693637
-82.8,-73.8,0.8,-96.9,-94.50572077722923
-80.3,-72.5,3.6,-91.0,-92.12543384112162
-86.0,-76.6,1.8,-102.9,-97.25151332029321
-95.7,-87.6,0.0,-106.6,-107.92672797117785
-87.7,-80.9,-2.0,-100.4,-101.12600412041044
-88.4,-80.1,3.6,-103.8,-99.86709595237582
-86.4,-77.1,2.4,-93.3,-97.58125908837097
-86.6,-78.3,-0.4,-101.2,-98.89212940821159
-88.8,-78.2,3.0,-103.7,-99.12233833596166
-96.0,-83.1,6.0,-102.5,-104.38127690705902
-89.3,-78.4,5.8,-103.2,-98.88815353624842
-95.0,-81.7,7.0,-100.2,-102.97066974923351
-97.0,-81.3,9.2,-104.5,-103.19000884619024
-97.6,-81.2,15.7,-103.5,-102.08951312367604
-95.1,-81.2,3.2,-108.6,-103.50655996244062
-88.7,-77.1,11.6,-94.6,-96.74122587438947
-99.2,-83.0,4.9,-103.0,-105.95974268103292
-94.4,-82.8,10.6,-97.8,-102.58364094322233
-98.4,-79.2,10.4,-102.5,-102.4138099459165
-95.5,-76.8,17.4,-101.3,-98.40705818857433
-95.9,-83.8,9.9,-105.4,-103.93492864255957
-95.1,-80.6,12.0,-101.0,-101.40349329592398
-90.9,-77.6,11.4,-100.1,-98.02624957128837
-92.2,-75.2,9.7,-95.7,-97.62599015401864
-108.7,-84.6,7.5,-107.6,-110.50382176602513
-84.1,-75.1,1.9,-100.9,-95.57047985287822
-103.3,-80.8,3.9,-109.2,-106.76319725781
-99.8,-80.8,7.5,-100.9,-104.4935791716072
-93.5,-73.7,9.9,-95.7,-97.3363684960904
-97.8,-72.3,3.8,-104.4,-99.69494199230674
-86.7,-70.2,-12.2,-94.4,-96.87209056455552
-89.3,-74.2,-1.1,-95.0,-97.9753897494194
-98.5,-75.6,-6.2,-99.9,-103.82965261672945
-83.4,-67.2,-11.8,-96.3,-93.69026413965453
-90.0,-72.8,-9.6,-96.9,-99.22975500135327
-69.6,-64.4,-22.0,-90.1,-88.12324382666198
-67.1,-61.8,-23.3,-83.7,-85.85640904047744
-63.2,-58.2,-7.3,-77.3,-78.93605553763169
-78.0,-68.8,-13.9,-91.0,-92.60917653055418
-71.2,-63.7,-13.4,-92.7,-86.71142947120289
-73.7,-64.5,-19.5,-84.5,-89.48270159072824
-70.5,-66.1,-20.9,-85.8,-89.23095786791667
-50.1,-46.8,-33.4,-62.6,-72.16592055578914
-55.0,-52.7,-25.2,-79.3,-75.91054412798081
-63.6,-54.8,-24.2,-82.2,-80.65440965284651
-73.3,-61.8,-23.0,-87.6,-88.53085081287817
-90.2,-72.1,-19.4,-105.0,-100.90957757367792
-68.2,-62.3,-16.2,-89.7,-85.18462098368124
-100.4,-88.0,6.6,-109.6,-108.88889985882916
-97.9,-85.4,14.8,-100.7,-104.70698949091498
-96.2,-85.6,3.0,-109.6,-106.4455187613384
-96.4,-82.0,5.8,-95.3,-103.99468708547552
-88.9,-80.5,6.8,-96.5,-99.66197703036825
-94.8,-83.0,5.0,-97.9,-103.99867455344537
-89.8,-73.4,7.5,-96.4,-96.02349771512608
-94.5,-77.9,8.5,-101.9,-100.36341936183511
-90.9,-81.2,3.8,-99.5,-101.53292153942189
-95.5,-74.9,-3.2,-98.2,-101.51759232648183
-102.9,-80.3,-9.1,-115.2,-108.9331290911478
-91.5,-80.6,9.6,-99.0,-100.29928505164155
-96.5,-82.6,-14.0,-108.9,-108.35932126685114
-86.4,-77.6,-8.0,-105.2,-99.95201448071072
-85.2,-73.8,-7.4,-102.0,-97.2174112594825
-87.3,-76.3,-1.1,-92.7,-98.2450148969688
-76.2,-72.4,-10.2,-95.0,-93.04390808479695
-76.8,-72.5,-9.8,-91.7,-93.28279311169818
-88.3,-80.2,-6.0,-104.4,-101.81306896584088
-89.2,-78.2,-7.0,-102.3,-101.31465368183888
-89.2,-75.9,-6.0,-100.3,-99.8515094295199
-84.7,-76.2,-10.0,-96.8,-98.83738698606928
-84.1,-79.0,-11.2,-98.5,-100.35043074794402
-82.7,-77.1,-14.0,-97.6,-99.25515591272861
-89.7,-81.2,-17.2,-106.2,-105.23690757212833
-82.4,-77.1,-16.0,-103.2,-99.52599498505035
-82.1,-77.2,-14.0,-97.8,-99.04533676353304
-83.3,-77.7,-9.8,-99.7,-99.00226230454213
-78.3,-74.0,-16.0,-97.3,-96.01706037700933
-82.2,-74.4,-9.7,-105.9,-96.68681571070744
-86.2,-74.5,-7.1,-96.7,-97.9820032063203
-84.4,-77.3,-5.3,-95.1,-98.36094732074237
-96.1,-87.0,6.2,-103.0,-106.52423356582273
-94.9,-83.5,6.2,-98.1,-104.07513344516099
-92.7,-82.0,-2.0,-104.1,-103.93493654110948
-97.5,-87.0,13.2,-111.8,-105.73068733611456
-96.9,-83.8,11.2,-102.7,-104.11398144941161
-99.2,-84.9,8.2,-106.3,-106.33666197090677
-97.1,-81.8,0.8,-104.4,-105.20170200996945
-94.2,-82.3,7.1,-102.6,-102.92672035106926
-96.6,-83.5,7.1,-111.3,-104.64360206018478
-98.6,-82.8,7.3,-107.6,-105.10156400525896
-103.4,-83.6,7.2,-103.9,-107.6778810014907
-98.2,-83.9,6.2,-103.9,-105.75021680118445
-97.7,-83.1,7.2,-97.8,-104.88926945108085
-97.8,-84.0,0.3,-106.8,-106.81798353793344
-98.2,-84.5,8.4,-104.6,-105.63582753096148
-99.0,-82.8,6.7,-102.7,-105.39896245974053
-97.1,-81.3,2.2,-107.9,-104.64522874768937
-93.0,-80.1,-3.0,-102.4,-103.2267021079119
-96.4,-82.2,1.0,-101.9,-105.072004860549
-98.3,-84.1,14.1,-101.1,-104.31149248195977
-96.2,-81.5,3.6,-100.1,-104.0757035189805
-88.2,-81.3,4.9,-99.4,-100.175013656045
-104.6,-91.0,14.8,-111.3,-110.73408311808103
-106.8,-89.9,18.9,-106.4,-110.27467801828486
-102.8,-89.3,9.8,-109.9,-110.01555379677758
-103.5,-89.6,13.0,-108.4,-109.84380771148798
-101.2,-88.2,2.2,-107.3,-110.23847549752183
-102.0,-87.2,12.0,-104.3,-108.06731327453711
-91.9,-80.2,5.8,-100.9,-101.02236031872768
-90.9,-82.7,4.7,-99.9,-102.17424811922835
-91.4,-83.4,6.8,-106.0,-102.35542574945721
-108.5,-81.5,6.8,-114.5,-108.85634953697864
-97.3,-83.4,7.2,-104.5,-104.87737409716574
-93.1,-80.1,9.1,-109.0,-100.83161215561775
-101.4,-88.6,7.4,-106.5,-109.49784803447614
-94.0,-82.6,12.8,-101.1,-101.85400280435518
-111.2,-85.8,10.7,-117.2,-111.61973696257215
-107.7,-86.8,17.8,-109.9,-109.19306790988774
-100.3,-86.6,15.3,-105.8,-106.32307774836048
-101.8,-88.0,21.2,-107.1,-106.56329316373728
-103.7,-89.0,20.6,-107.4,-108.07086848521811
-104.6,-90.8,20.1,-114.9,-109.55597189133756
-103.1,-88.8,16.0,-112.7,-108.62379813282388
-103.7,-90.2,20.2,-106.5,-108.80970708080402
-105.0,-90.8,20.2,-114.7,-109.71225951348116
-104.5,-87.7,21.4,-108.9,-107.54943743373056
-106.2,-91.2,20.2,-112.2,-110.46099972899727
-105.9,-91.8,22.1,-108.2,-110.2747517954181
-102.2,-88.1,19.0,-102.5,-107.23808098308362
-103.3,-91.6,21.1,-114.2,-109.21973702861203
-112.3,-90.0,16.3,-109.0,-113.27979108305651
-104.6,-90.9,19.2,-116.9,-109.79225042386436
-111.6,-91.5,16.2,-110.9,-113.81392351936711
-109.7,-91.4,21.2,-114.2,-111.91301869887792
-110.9,-89.2,17.3,-106.0,-112.02183952987833
-112.8,-92.8,21.2,-112.5,-114.04838209387086
-113.2,-92.7,17.3,-118.1,-114.95616700985347
-114.8,-91.8,16.3,-113.2,-115.36988628741638
-114.9,-93.2,16.3,-114.1,-116.18190233882736
-107.6,-89.2,21.2,-110.4,-109.77996852891233
-110.1,-93.8,21.2,-115.5,-113.40587267985538
-108.3,-93.8,22.2,-117.5,-112.41027737036623
-115.2,-92.8,21.2,-115.4,-115.10705996873642
-112.5,-91.9,17.3,-110.5,-114.20858340685106
-117.2,-92.9,21.2,-121.3,-116.04414185064523
-117.1,-95.3,21.2,-113.3,-117.31643794102568
-104.0,-94.2,16.4,-113.9,-111.9020848286872
-101.4,-90.0,17.9,-112.4,-108.14909002269812
-108.6,-95.2,16.9,-114.5,-114.37892716571781
-105.1,-91.8,22.2,-100.4,-109.90170048012891
-115.3,-94.9,21.0,-115.5,-116.34334563746118
-114.2,-96.2,22.2,-114.0,-116.3292681479106
-111.6,-96.2,12.2,-120.3,-117.19823615020587
-111.3,-96.6,13.9,-109.2,-116.94260495825304
-113.4,-94.7,6.0,-121.6,-118.41932856425042
-109.2,-93.6,4.0,-111.9,-116.36646257518649
-108.7,-92.7,7.9,-116.5,-114.86606288587619
-107.6,-94.1,14.8,-115.7,-113.75779036680865
-103.9,-90.9,1.4,-114.5,-113.07171625647992
-107.5,-90.5,0.8,-108.1,-114.56128393269893
-93.6,-89.9,5.4,-111.6,-107.17337290161372
-97.8,-88.2,5.8,-113.6,-108.01296898943842
-101.0,-89.8,1.8,-110.7,-111.10849221495226
-102.5,-85.6,-3.2,-110.5,-110.47438698356828
-98.5,-87.6,7.8,-106.8,-107.5894743124693
-98.2,-86.6,7.8,-103.6,-106.90863638290284
-94.6,-89.8,1.7,-110.6,-108.30550990564475
-96.6,-86.5,5.8,-106.3,-106.55117462015157
-83.9,-78.9,-3.2,-92.1,-98.5946620454647
-89.5,-84.9,2.8,-100.8,-103.14640817136089
-84.7,-80.5,-2.3,-95.7,-99.64373156974717
-90.2,-85.7,1.8,-105.1,-104.09557867770329
-87.5,-78.1,0.8,-98.6,-98.93752868823657
-87.6,-78.4,-1.2,-101.0,-99.54936503159837
-94.4,-83.8,5.8,-107.6,-104.09976127446245
-86.9,-76.5,-6.3,-95.1,-99.22652112090067
-82.6,-73.2,-6.3,-101.4,-95.51966271757922
-97.1,-86.7,-7.3,-118.7,-109.52222158354371
-89.8,-76.0,-7.3,-101.0,-100.43309219209905
-89.0,-78.6,-8.3,-107.8,-101.70789477802535
-84.7,-80.3,-0.9,-104.9,-99.25180926602955
-58.3,-51.8,-20.2,-81.6,-75.8646388135337
-74.3,-68.3,-15.9,-86.4,-91.10597034921221
-74.6,-66.0,-25.3,-86.7,-91.87166462598702
-77.5,-71.8,-22.3,-96.8,-95.72745821363769
-66.2,-59.8,-33.1,-86.6,-86.33795009971794
-66.8,-59.1,-38.1,-90.8,-87.22660184848834
-66.4,-57.9,-27.7,-83.0,-84.2954479070252
-69.2,-60.4,-25.4,-89.9,-86.43818020470715
-66.8,-62.5,-35.0,-87.4,-88.4665933118426
-66.4,-58.3,-33.0,-86.6,-85.58325977281032
-66.9,-64.0,-32.0,-89.0,-88.72869897275453
-66.2,-62.1,-31.8,-93.8,-87.33744447435502
-65.3,-60.6,-29.8,-83.3,-85.71451167178809
-67.4,-63.0,-31.8,-85.7,-88.36043628747527
-66.9,-64.0,-29.8,-90.4,-88.28520778540661
-66.9,-62.2,-30.8,-83.5,-87.49948893737168
-67.1,-58.6,-32.8,-92.5,-86.0162743975406
-67.4,-64.2,-32.8,-95.6,-89.22022702506514
-67.7,-64.2,-31.0,-89.9,-88.98970533341142
-71.9,-63.1,-25.6,-91.6,-89.15046882166125
-68.3,-62.8,-29.4,-86.7,-88.16393128349227
-66.4,-62.2,-27.0,-83.8,-86.51290081408283
-65.7,-59.0,-28.2,-78.3,-84.69081382658851
-66.8,-63.7,-26.4,-87.5,-87.39114977736885
-69.2,-64.9,-26.4,-97.0,-89.10803148648435
-70.3,-61.7,-26.6,-88.4,-87.87836600179925
-65.3,-62.2,-28.4,-91.1,-86.30989511944539
-62.7,-56.3,-31.2,-78.7,-82.49126856596409
-77.6,-62.8,-36.8,-92.9,-93.75805113331207
-68.2,-60.6,-34.0,-94.0,-87.8404124312785
-71.2,-64.9,-27.6,-91.5,-90.23216733288028
-69.7,-59.9,-25.7,-83.7,-86.444962568702
-76.1,-66.2,-25.9,-95.3,-92.76399107882364
-61.3,-57.1,-32.2,-77.8,-82.51409593179909
-70.7,-62.7,-29.4,-86.8,-89.16775883883702
-62.1,-53.2,-30.4,-83.3,-80.36496966943007
-71.0,-64.1,-26.4,-88.1,-89.4632373364669
-64.2,-57.6,-24.4,-79.2,-82.49520544881408
-72.1,-63.4,-26.2,-93.1,-89.5241950784665
-61.3,-58.7,-21.2,-81.6,-81.17424510739274
-67.6,-59.4,-21.4,-84.0,-84.37754414622864
-66.9,-58.7,-21.2,-81.7,-83.64449348207907
-75.2,-68.2,-25.0,-96.7,-93.28256505315963
-68.1,-65.1,-16.4,-83.5,-86.71663573281299
-74.8,-67.9,-22.2,-91.4,-92.37712445276767
-69.7,-63.2,-22.2,-88.5,-87.54946895119944
-70.4,-63.2,-25.0,-87.1,-88.42269332738712
-71.6,-64.2,-23.0,-91.7,-89.09736165334824
-67.5,-61.2,-22.4,-83.8,-85.52232522282411
-76.8,-70.7,-8.2,-94.1,-91.97294831497933
-78.3,-71.2,-6.2,-86.7,-92.50569977769453
-80.6,-76.2,-1.4,-100.6,-95.29516491445025
-82.5,-78.1,-1.4,-96.5,-97.17544096961456
-82.5,-74.0,6.6,-93.7,-93.31388264254093
-88.8,-78.6,-2.0,-94.6,-100.34967413074479
-87.4,-77.1,-7.0,-104.8,-99.91729176096061
-85.0,-74.2,-6.7,-97.0,-97.20747854898904
-84.6,-74.2,-6.0,-94.5,-96.88992140417348
-77.5,-72.2,-7.4,-95.7,-92.94321463195557
-81.4,-75.4,-9.8,-89.3,-96.90258497129453
-81.7,-78.7,-8.4,-99.5,-98.56275858516409
-81.5,-72.6,-9.2,-95.9,-95.28993546082674
-85.1,-75.8,-8.3,-101.0,-98.45173428478563
-83.1,-78.9,-4.3,-101.1,-98.46351501418346
-91.1,-84.4,0.6,-101.3,-104.02143301101508
-96.8,-83.9,-4.0,-106.3,-107.18884112158047
-91.2,-87.1,-8.0,-108.4,-107.28015058492049
-87.0,-80.2,-9.0,-107.3,-101.8443791603086
-88.2,-83.5,0.7,-107.0,-102.22838567953106
-85.5,-78.8,-5.0,-99.8,-99.60845340186619
-83.6,-76.3,-5.1,-97.2,-97.4192341199109
-91.4,-86.7,-8.0,-107.8,-107.14897246307598
-92.8,-86.2,-5.4,-105.7,-106.96815701045952
-95.2,-87.1,-4.0,-110.2,-108.23826609633657
-91.1,-83.8,-0.4,-98.1,-103.89391799723006
-94.5,-87.4,9.0,-108.8,-105.47340626464376
-98.9,-86.9,5.0,-106.6,-107.946411717653
-97.4,-83.2,-2.0,-107.6,-106.66638454697116
-97.6,-85.0,-2.0,-107.4,-107.74191345458485
-97.9,-85.8,5.5,-111.0,-106.80114897005994
-94.6,-82.8,5.8,-100.0,-103.63948123549297
-98.4,-84.9,1.5,-106.1,-107.33440159832934
-93.2,-84.0,-1.9,-102.1,-105.23234213178903
-99.9,-86.8,9.5,-105.6,-107.42553611429634
-86.4,-79.7,-8.4,-100.6,-101.1845059519841
-87.9,-83.8,-0.1,-103.5,-102.42187142640732
-91.0,-84.4,-2.4,-102.0,-104.58208214291555
-88.9,-81.2,-3.2,-98.3,-102.06179830041366
-91.5,-83.3,-8.4,-106.7,-105.40880793882322
-91.3,-84.0,2.4,-98.3,-103.5273984631586
-89.9,-83.6,-8.4,-103.4,-104.86757364747533
-89.3,-80.8,-5.4,-104.5,-102.46233452215587
-86.7,-80.4,-11.4,-104.7,-102.30555363300796
-82.3,-75.5,-10.6,-91.1,-97.5157090165619
-86.1,-79.2,-13.0,-103.0,-101.70521937538558
-86.4,-78.7,-11.4,-100.7,-101.24076346679571
-90.4,-83.3,-3.6,-101.2,-103.955963443478
-86.2,-78.4,-4.2,-100.9,-99.53656364794669
-93.2,-84.6,-6.8,-105.3,-106.5492198752798
-90.9,-82.1,1.5,-101.8,-102.49022429279125
-92.8,-85.4,1.8,-108.4,-105.07792875024516
-91.4,-85.6,-4.2,-102.6,-105.77958871565501
-97.4,-86.4,2.8,-111.2,-107.45397763560581
-95.1,-83.5,6.2,-98.5,-104.16335660139977
-91.0,-82.0,-3.2,-102.1,-103.42694399708765
-90.2,-82.1,8.1,-104.5,-100.85096968391171
-94.0,-81.8,1.0,-103.7,-103.79392570760012
-91.5,-82.0,-1.2,-101.4,-103.24432808100472
-96.1,-81.2,-4.0,-115.1,-105.39910144768233
-99.0,-84.8,1.7,-106.4,-107.5039033668569
-94.6,-84.8,3.3,-102.7,-105.24045488425942
-92.7,-84.2,7.8,-105.0,-103.16609191783604
-95.9,-87.1,7.8,-107.3,-106.16832168376081
-89.7,-83.8,7.1,-99.7,-101.76445412850876
-90.5,-82.2,-6.0,-98.2,-103.88053007488422
-98.9,-85.6,-0.4,-110.2,-108.32192684191804
-92.1,-87.0,-7.0,-108.8,-107.42071756513428
-88.6,-84.3,-0.4,-103.8,-103.06538014184923
-88.9,-85.5,0.8,-108.9,-103.6140144264494
-97.9,-85.3,-3.2,-109.5,-108.28070343151347
-84.7,-77.3,-3.2,-97.6,-98.06994955808663
-87.4,-82.2,1.8,-101.8,-100.94069330713114
-91.0,-79.9,-5.1,-101.4,-102.6581024034962
-91.4,-81.1,-3.0,-98.4,-103.06942005320981
-83.2,-74.3,-8.4,-99.1,-96.81101819803864
-84.3,-75.9,-9.1,-95.9,-98.31496150202325
-86.3,-77.5,-3.4,-97.9,-98.92575282770667
-87.6,-81.7,-1.4,-97.4,-101.39974295645368
-84.0,-74.5,-8.0,-102.8,-97.1929767006995
-97.7,-80.3,-11.4,-104.6,-107.10297690662098
-85.1,-74.7,-1.4,-92.2,-96.45743113701077
-90.2,-75.1,-4.0,-99.2,-99.45064884786731
-92.9,-74.8,-12.7,-100.9,-102.23091655758627
-86.2,-74.4,-10.8,-97.4,-98.67302442915734
-81.4,-71.4,-19.2,-98.6,-96.60348908185708
-77.0,-69.7,-19.2,-92.5,-93.73012421274944
-66.3,-63.6,-15.1,-83.4,-84.83780955950947
-69.5,-65.8,-21.4,-85.3,-88.7260845798302
-67.8,-63.8,-20.4,-86.8,-86.67759445804388
-71.6,-63.7,-16.8,-83.9,-87.57327125503635
-78.1,-69.7,-6.8,-92.1,-91.7156739706473
-74.9,-69.8,-19.4,-88.2,-92.8989487724309
-79.1,-71.2,-25.8,-97.6,-96.809695708113
-92.9,-76.4,-20.0,-102.6,-104.58010606430126
-78.0,-73.8,-22.3,-95.7,-97.04502249465123
-78.6,-73.2,-21.8,-93.6,-96.87979659457271
-79.1,-72.9,-15.8,-102.3,-95.72628210656744
-74.4,-68.8,-16.0,-94.4,-91.44449221526975
-94.7,-82.8,-18.0,-107.1,-108.48136111310347
-78.6,-73.1,-11.5,-93.4,-94.74860117065025
-81.3,-77.2,-17.2,-98.0,-99.33752222926573
-79.0,-72.2,-16.8,-93.5,-95.4998051951422
-77.6,-70.1,-20.1,-98.0,-94.3956231725551
-87.4,-70.4,-17.4,-98.9,-98.33882414780076
-82.2,-76.0,-17.4,-101.9,-99.11663997875839
-81.5,-73.2,-17.2,-96.7,-97.23173260467142
-88.0,-78.9,-16.0,-102.2,-102.98354911111156
-81.1,-74.0,-11.2,-90.7,-96.28456742832067
-80.8,-75.2,-22.0,-92.2,-98.987575084284
-98.4,-81.6,-18.4,-108.2,-109.53592043060729
-88.7,-78.0,-15.2,-104.8,-102.63740775958793
-84.1,-79.6,-15.4,-103.1,-101.52619765909682
-82.8,-78.2,-3.5,-91.1,-97.7859585205075
-90.3,-81.1,-5.8,-103.8,-103.1486360232483
-88.0,-80.4,-5.2,-97.3,-101.62916534785238
-92.7,-85.3,-8.0,-102.2,-106.95451850533658
-87.9,-80.1,-7.0,-104.3,-101.78335923718242
-89.3,-83.7,-2.3,-103.3,-103.428074387906
-87.9,-79.6,-5.1,-99.4,-101.12609252323236
-90.7,-85.0,-9.4,-107.2,-106.18995764906205
-85.5,-77.9,-10.1,-108.4,-100.14289373321255
-89.6,-81.9,-4.5,-107.0,-103.0165945582372
-90.8,-82.1,-0.4,-104.1,-102.82912783101779
-89.6,-81.3,0.6,-101.4,-101.65939943407842
-97.1,-89.1,-1.4,-107.0,-109.6492665223378
-96.9,-87.5,3.6,-105.3,-107.67550373706597
-96.1,-88.8,2.6,-106.4,-108.23725216922148
-93.5,-88.5,0.0,-112.9,-107.44992612823854
-96.6,-83.8,5.6,-104.3,-105.11053337375719
-92.4,-83.7,-9.0,-107.7,-106.14616556198509
-91.3,-81.7,-4.2,-108.0,-103.59631467622333
-92.0,-81.8,-2.1,-107.5,-103.53661354556603
-79.5,-71.7,-31.0,-98.4,-98.30864551556252
-88.4,-75.8,-14.4,-103.1,-101.13709647309955
-74.5,-69.3,-23.4,-87.0,-93.254598475709
-74.3,-69.0,-25.4,-90.2,-93.40499816758766
-70.8,-63.4,-27.0,-87.2,-89.1120140855863
-75.3,-66.0,-24.0,-85.2,-91.91838269848087
-84.6,-73.4,-22.0,-100.1,-99.67650930144626
-77.1,-69.2,-27.2,-94.4,-95.1126794199844
-77.8,-73.1,-20.4,-89.9,-96.18983198542072
-73.7,-66.0,-18.2,-88.0,-90.0433934091987
-74.0,-70.9,-13.3,-92.6,-91.87561797371164
-81.3,-73.2,-11.8,-95.4,-96.05494017039682
-81.8,-71.1,-11.1,-95.7,-94.98253051871846
-83.0,-73.5,-4.8,-96.1,-95.55827963360935
-86.4,-72.9,-11.5,-99.2,-98.07960362492169
-81.8,-72.7,-14.4,-95.2,-96.52537241207358
-77.6,-74.0,-14.0,-90.3,-95.30510552349364
-74.4,-70.3,-13.8,-94.4,-91.82375582073425
-76.6,-72.0,-16.7,-96.9,-94.31126799090097
-79.0,-74.8,-13.4,-96.4,-96.24051803132784
-79.7,-72.0,-16.1,-93.2,-95.55777477059837
-76.4,-71.1,-18.4,-90.3,-94.07208969465268
-78.5,-71.1,-13.4,-97.0,-93.99049831846023
-84.8,-77.5,-17.8,-106.3,-101.16693056401114
-90.6,-76.6,-21.0,-103.4,-103.8768273099367
-91.1,-79.5,-13.7,-106.2,-104.21646007225596
-86.6,-72.2,-21.0,-101.9,-99.69895012624434
-88.5,-78.3,-18.0,-104.7,-103.27817889126352
-84.6,-76.2,-15.1,-98.3,-99.8213686149837
-75.4,-67.2,-10.1,-87.4,-89.81864015442471
-74.9,-69.5,-9.9,-88.6,-90.81932223213877
-74.7,-68.3,-11.7,-93.9,-90.43575166766198
-77.8,-70.7,-7.5,-92.4,-92.27295326383535
-78.4,-70.6,-11.1,-91.4,-93.20848526505478
-77.1,-71.4,-0.2,-83.2,-90.87654005926362
-79.0,-74.1,-19.0,-96.9,-96.98545245338585
-78.6,-70.8,-13.4,-93.2,-93.87005893801714
-82.0,-74.3,-15.3,-98.9,-97.67262889365159
-78.8,-71.0,-10.2,-99.1,-93.42290464260972
-80.2,-75.7,-12.4,-98.3,-97.06192294110812
-77.5,-70.3,-10.4,-89.7,-92.50581927107973
-77.2,-73.8,-14.2,-98.2,-95.05927595264235
-74.1,-68.8,-11.2,-89.0,-90.34454034487973
-71.1,-67.3,-16.4,-88.3,-89.24669010585316
-76.4,-71.7,-14.8,-93.0,-93.67547875975377
-77.8,-70.9,-22.4,-96.6,-95.38629876264245
-77.7,-72.2,-20.4,-91.6,-95.65206753161388
-68.7,-64.4,-18.2,-88.9,-86.96020939089553
-73.8,-69.9,-19.4,-95.0,-92.46857173263834
-83.8,-73.2,-22.4,-98.6,-99.29455079878541
-76.7,-70.8,-21.0,-99.3,-94.56399941913229
-76.8,-71.4,-18.0,-92.1,-94.33245220435677
-75.5,-69.0,-20.0,-94.1,-92.84576782698464
-82.1,-76.2,-19.0,-96.6,-99.50476808502458
-78.4,-70.6,-11.0,-93.2,-93.18832657472079
-79.2,-72.4,-11.0,-97.7,-94.52852495105088
-83.4,-75.7,-7.2,-96.5,-97.42524154356107
-79.0,-74.6,-14.2,-98.6,-96.29208691495815
-81.8,-74.2,-11.1,-95.5,-96.68289042386412
-84.2,-76.6,-11.4,-93.5,-99.11845203823155
-83.7,-76.1,-9.4,-96.2,-98.2204687433505
-83.9,-74.9,-5.8,-99.5,-96.9247752133155
-95.1,-79.9,2.0,-102.7,-103.03541009267781
-93.0,-81.6,-2.0,-100.5,-103.84786999738436
-94.7,-78.8,-1.0,-99.3,-102.860370975491
-93.6,-82.8,-1.1,-106.5,-104.58931508734472
-103.2,-82.3,-3.5,-108.1,-109.03358355721876
-100.0,-82.7,-1.0,-105.6,-107.3374470771314
-91.4,-79.9,5.0,-100.1,-100.79852099224017
-100.1,-81.9,1.7,-105.4,-106.39847146006629
-102.7,-83.2,-4.0,-112.8,-109.40747199397919
-95.3,-82.8,-2.2,-103.4,-105.56095750904845
-95.9,-86.0,9.5,-107.4,-105.22227043335377
-96.9,-85.7,2.8,-109.8,-106.84946750836302
-99.6,-87.2,3.8,-98.4,-108.66164800705924
-105.2,-90.8,2.6,-111.2,-113.3484121685033
-104.7,-89.3,1.5,-115.3,-112.52684507876786
-107.4,-89.5,0.5,-110.8,-114.02914523037325
-102.4,-87.8,8.0,-108.2,-109.37920911749951
-95.1,-84.8,7.6,-108.4,-104.59418909049457
-98.6,-88.2,7.8,-112.6,-107.96268780771368
-99.9,-88.7,3.0,-114.2,-109.77800705690181
-101.9,-91.4,7.6,-107.0,-111.21389749098832
-98.3,-89.2,9.8,-103.7,-107.97568246188384
-101.5,-90.7,7.6,-106.1,-110.65349894186492
-101.4,-91.4,5.6,-117.9,-111.39651340707124
-98.9,-88.1,3.6,-110.6,-108.8868372165789
-96.8,-88.1,6.6,-112.5,-107.35573336605164
-97.9,-87.2,7.5,-109.3,-107.1658796366716
-97.7,-88.6,3.1,-107.3,-108.73254332842022
-99.0,-90.7,7.5,-102.7,-109.57086817921395
-97.2,-89.2,6.1,-104.8,-108.2363266449283
-95.8,-87.3,5.9,-106.9,-106.616925861029
-101.7,-90.5,1.0,-110.8,-111.96249502110582
-99.4,-89.2,2.8,-108.8,-109.87201814457696
-95.9,-85.8,0.0,-108.3,-107.02764537604176
-93.5,-83.5,-6.0,-106.3,-105.91693157223693
