Time,TM,RSRP,RSSI,UE_TX_Power,RSRQ,NodeB_RX
15:27:21.090,1,-94.7,-83.9,4,-10.8,-108.9
15:27:24.068,2,-99.2,-83.5,13.2,-15.7,-100.4
15:27:24.438,2,-97.4,-83.3,9,-14,-106
15:27:25.460,2,-97.1,-83.2,10,-13.8,-101.8
15:27:25.580,2,-96,-83.6,8.1,-12.4,-108.1
15:27:25.930,2,-101.8,-86.7,3.7,-15.1,-105.5
15:27:26.498,1,-102.6,-85.2,2,-17.5,-116.9
15:27:30.920,2,-95.3,-82.4,7.5,-12.9,-101.6
15:27:31.160,2,-99.9,-83.2,8.5,-16.6,-101.3
15:27:31.170,2,-99.1,-82.3,7,-16.7,-104.9
15:27:31.268,2,-94.2,-80.2,-3.5,-13.9,-94.7
15:27:38.910,1,-90.3,-83.7,1.2,-6.6,-101.4
15:27:38.920,1,-90.1,-83.8,6.9,-6.4,-108.1
15:27:39.498,1,-92.6,-84.3,-0.1,-8.3,-105.5
15:27:39.738,1,-98.2,-83.1,8.2,-15.1,-102.5
15:27:40.630,1,-87.9,-76.1,-9.5,-11.9,-99
15:27:41.000,1,-87.5,-76.1,-5.5,-11.4,-102.3
15:27:41.350,1,-94,-81.6,-1.5,-12.4,-109.5
15:27:41.420,1,-90.4,-79.8,3.5,-10.7,-100.7
15:27:41.578,1,-92.3,-81.5,8.5,-10.8,-101.2
15:27:41.618,1,-96.7,-81.4,7.4,-15.3,-102.7
15:27:41.798,1,-89.4,-77.4,6.5,-12,-97.7
15:27:42.058,1,-95.7,-81.2,11.7,-14.5,-103
15:27:43.338,2,-95.3,-82.9,8.5,-12.3,-100.7
15:27:44.650,1,-91.6,-80.6,1.6,-11.1,-101.8
15:27:44.950,1,-92.1,-80.1,0.5,-12,-101.6
15:27:45.058,1,-89.9,-78,6,-11.9,-100
15:27:45.670,1,-87.4,-80.1,0.7,-7.4,-103.1
15:27:45.750,1,-88.3,-79.1,-2.9,-9.2,-102.9
15:27:47.618,1,-91.1,-80.1,2.2,-11,-98.9
15:27:48.138,1,-87,-81.2,0.7,-5.9,-104.6
15:27:48.620,1,-92.3,-78.7,-0.3,-13.7,-106.4
15:27:49.018,1,-88.8,-78.8,3.7,-10,-93.9
15:27:49.178,1,-93.6,-85.8,1.7,-7.9,-105.7
15:27:49.990,1,-93.8,-81.8,-0.8,-12,-109.9
15:27:50.440,1,-92.2,-84.4,1.9,-7.8,-105.5
15:27:50.660,1,-83.7,-78.2,2.2,-5.5,-100.6
15:27:50.710,1,-88.1,-77.5,-1.5,-10.6,-103.9
15:27:51.178,1,-90.2,-80.9,0.9,-9.3,-103.2
15:27:51.698,1,-96.8,-83,4.9,-13.8,-108.7
15:27:52.058,1,-89.9,-79,9.5,-10.9,-96.6
15:27:52.418,1,-92.6,-85,7.2,-7.6,-102.3
15:27:52.658,1,-94.1,-81.8,3.7,-12.3,-109.4
15:27:53.670,1,-96.8,-85.2,4.2,-11.6,-104.3
15:27:58.260,1,-94.4,-84.6,3.9,-9.8,-102.3
15:27:58.700,1,-93.3,-82.1,2.9,-11.2,-102.2
15:27:59.938,1,-93.7,-85.8,2.5,-7.9,-109.8
15:28:00.788,1,-93.5,-82.4,1.1,-11.1,-105.3
15:28:01.158,1,-91.5,-84.8,2.5,-6.7,-107.9
15:28:04.380,1,-93.4,-82.2,1.5,-11.2,-106.8
15:28:04.838,1,-97.2,-85.9,0.9,-11.2,-109.6
15:28:05.098,1,-94.6,-83.1,1.5,-11.5,-103.1
15:28:06.998,1,-94,-82.7,6.5,-11.4,-106.4
15:28:08.360,1,-97.8,-84.6,-0.5,-13.2,-105.3
15:28:08.578,1,-95.9,-83.8,0.5,-12.1,-107.4
15:28:09.298,1,-98.3,-85.2,-0.3,-13.1,-108.4
15:28:09.510,1,-97.3,-87.2,0.5,-10.1,-102.4
15:28:10.150,1,-97.5,-84.9,4.1,-12.6,-108
15:28:10.290,2,-96.2,-84.5,0.2,-11.7,-112.7
15:28:10.520,2,-98.5,-88.2,5.5,-10.3,-109.7
15:28:11.618,1,-103.7,-88.2,5.2,-15.4,-109.9
15:28:11.698,1,-102.2,-86.5,8.7,-15.7,-108.8
15:28:12.338,1,-94.4,-84.3,6.2,-10.1,-107.4
15:28:12.698,1,-96.8,-85.2,10.5,-11.6,-105
15:28:13.450,2,-98.3,-84.2,7.3,-14,-101.8
15:28:13.460,2,-99.5,-83.7,6.2,-15.8,-102.6
15:28:13.700,2,-96.9,-86.2,12.8,-10.6,-102.5
15:28:13.830,2,-96.4,-86.3,9.1,-10,-104.3
15:28:13.890,2,-100.9,-84.1,4.5,-16.8,-105.8
15:28:14.120,2,-95.8,-83.8,11,-12.1,-98.8
15:28:14.498,2,-100.5,-84.4,13.2,-16.1,-100
15:28:14.618,2,-98,-84.4,15,-13.6,-106.5
15:28:14.738,2,-101.1,-85.3,11.2,-15.7,-106.8
15:28:15.570,1,-97.3,-85.1,7.1,-12.2,-109.7
15:28:15.640,1,-91.7,-81.8,12.7,-9.9,-101.2
15:28:15.910,1,-98.1,-84.6,7.2,-13.5,-106.2
15:28:16.058,1,-93.6,-82.8,10.9,-10.8,-102.7
15:28:16.098,1,-99.2,-85.6,3.7,-13.6,-113.6
15:28:16.228,1,-97.8,-86.8,8.2,-10.9,-110.7
15:28:16.658,1,-100.9,-86.2,5.7,-14.7,-110.6
15:28:17.018,1,-100.9,-86.9,1.9,-14,-110.1
15:28:17.308,1,-98.5,-85.5,4.5,-13,-113.1
15:28:18.020,1,-99,-86.6,8.7,-12.4,-106.9
15:28:18.070,1,-94.3,-84.1,6.5,-10.2,-105.8
15:28:18.450,1,-96.6,-85,5.2,-11.6,-104.9
15:28:18.658,1,-95.7,-82,7.7,-13.7,-102.9
15:28:18.818,1,-96.9,-85.6,11.7,-11.4,-107
15:28:18.898,1,-96.5,-83.1,12.7,-13.5,-107.3
15:28:19.700,1,-105.9,-85.5,11.1,-20.4,-109.2
15:28:19.830,1,-95.5,-83.4,13.2,-12.1,-100.7
15:28:19.890,1,-96.9,-84.7,6.3,-12.3,-99.4
15:28:20.460,2,-99.9,-85.8,9.2,-14.2,-104.1
15:28:20.740,2,-97.1,-84.2,14.2,-12.9,-102.8
15:28:20.820,2,-94.5,-82.7,13.2,-11.8,-99
15:28:20.860,2,-95.9,-86.5,14.8,-9.4,-97.8
15:28:21.460,2,-102.2,-84.6,13.8,-17.6,-107.4
15:28:21.500,2,-102.7,-85.7,16.2,-17,-97
15:28:21.630,2,-92.6,-82.7,6.7,-9.9,-102.9
15:28:21.860,2,-100.3,-85,5.2,-15.3,-111.7
15:28:21.990,2,-101.3,-86.2,10.3,-15.1,-104.8
15:28:22.180,2,-101,-86.9,5.2,-14,-110.2
15:28:22.500,2,-101.9,-85.7,13.2,-16.2,-115.7
15:28:22.660,2,-100.7,-85.6,16.5,-15.2,-108.5
15:28:22.730,2,-98.2,-85.2,13.3,-13,-108.4
15:28:22.980,2,-104.8,-86.2,2.5,-18.5,-110.6
15:28:23.260,2,-98.6,-83.8,12.1,-14.9,-102.5
15:28:23.620,2,-98.8,-84.3,8.2,-14.4,-103.3
15:28:23.700,2,-98.9,-86.1,12.2,-12.9,-104.2
15:28:25.100,2,-106.6,-87.1,10.8,-19.5,-118.7
15:28:25.140,2,-112.5,-86.1,8.8,-26.4,-114.8
15:28:25.300,2,-105.3,-85.2,7.9,-20.2,-107.8
15:28:31.920,1,-92.3,-84.2,7.2,-8.1,-102.3
15:28:32.338,1,-96,-83.2,6.3,-12.7,-101.8
15:28:32.550,1,-99.1,-85.5,9.2,-13.6,-109
15:28:33.680,1,-97.7,-85.2,14.2,-12.5,-102.4
15:28:34.740,1,-100.3,-86.2,10.2,-14,-110.6
15:28:34.790,1,-98.1,-85,9.2,-13.1,-108.6
15:28:35.218,1,-98,-84.4,12.3,-13.6,-107.5
15:28:35.258,1,-96.1,-83.7,8.3,-12.5,-103.6
15:28:35.458,1,-91.5,-81.2,12.2,-10.3,-98
15:28:35.718,1,-94.2,-85.2,10.2,-9,-103.8
15:28:35.818,1,-98,-84.6,11.3,-13.4,-102.7
15:28:35.938,1,-95.2,-84,15.2,-11.2,-101.2
15:28:36.078,1,-98.1,-83.7,11.2,-14.4,-106.7
15:28:36.618,1,-96,-82.7,10.2,-13.4,-103.2
15:28:36.898,1,-93.7,-82.8,9.3,-11,-102.3
15:28:37.170,1,-93.9,-82.1,12.2,-11.8,-103.4
15:28:37.538,1,-93.2,-81.6,13.2,-11.7,-98.8
15:28:37.618,1,-97.3,-81.6,9.3,-15.7,-101
15:28:38.310,1,-92,-81.2,4.2,-10.8,-106.4
15:28:38.458,1,-88.1,-78.2,9.2,-9.8,-99
15:28:38.538,1,-88.9,-82.9,9.9,-6,-97
15:28:39.030,1,-96.7,-82.8,6.9,-13.9,-107.1
15:28:39.370,1,-88.4,-77.7,9.8,-10.7,-94.3
15:28:40.460,1,-92.2,-83.2,16.8,-9,-100.7
15:28:40.820,1,-91.4,-80.5,10,-10.9,-100.6
15:28:40.978,1,-91.3,-81.4,3.2,-9.9,-104.6
15:28:41.660,1,-100.4,-84.5,5.2,-15.9,-104.3
15:28:41.670,1,-103.1,-83.9,3,-19.2,-107
15:28:41.990,1,-88.7,-83.3,4,-5.3,-106.5
15:28:42.330,1,-90,-82.8,2,-7.3,-103.6
15:28:42.770,1,-89.7,-80.8,5,-8.9,-97.1
15:28:43.138,1,-94,-86.2,2.2,-7.7,-100.3
15:28:43.690,1,-89,-82.2,3,-6.8,-98.8
15:28:44.018,1,-89.9,-85.1,0.2,-4.9,-104.3
15:28:44.718,1,-87.3,-82.2,2.2,-5,-100.3
15:28:44.738,1,-89.4,-83.3,2.2,-6.1,-103.2
15:28:45.018,1,-86.2,-81.3,4.2,-4.9,-102.8
15:28:46.058,1,-89.2,-83.6,-1.8,-5.6,-104.9
15:28:46.178,1,-84.8,-80.8,5.2,-4,-95.2
15:28:46.940,1,-88.8,-83.9,-3.8,-4.8,-107.2
15:28:47.030,1,-86.4,-82.1,-8,-4.3,-102.6
15:28:47.220,1,-90.1,-83.6,-4.8,-6.5,-108.5
15:28:47.250,1,-92.6,-84.3,-6,-8.3,-105.3
15:28:47.260,1,-92.7,-81.5,-2.8,-11.2,-103
15:28:47.740,1,-82.1,-78.2,-6.8,-3.9,-101.9
15:28:48.138,1,-77,-73.2,-3.8,-3.8,-93.6
15:28:48.218,1,-84.9,-80.1,0.4,-4.8,-104.6
15:28:48.318,1,-88.7,-81.3,-0.6,-7.4,-103.4
15:28:48.470,1,-86.7,-76.5,-1.2,-10.2,-97.4
15:28:49.218,1,-81.5,-75.6,-0.6,-5.9,-92.5
15:28:49.338,1,-89.8,-83.3,3.8,-6.5,-102.6
15:28:50.488,1,-86.7,-76.5,-9,-10.2,-104.8
15:28:50.840,1,-77.4,-73.6,-4,-3.8,-94.2
15:28:51.098,1,-81.8,-72.8,-2.8,-9,-92.2
15:28:51.198,1,-86.1,-81.2,1.4,-5,-96.8
15:28:52.018,1,-83.2,-73.3,-3.6,-9.9,-98.9
15:28:52.138,1,-83.2,-76.7,-8.8,-6.5,-96
15:28:52.780,1,-76.4,-72.9,-7.2,-3.5,-87.9
15:28:53.658,1,-80.1,-72,-1.2,-8.1,-94.9
15:28:53.978,1,-75.9,-67,-9.8,-8.9,-91.9
15:28:54.658,1,-80.7,-71.3,-3.8,-9.4,-96.8
15:28:54.978,1,-80,-70.3,-8.2,-9.7,-87.3
15:28:55.298,1,-75.4,-66.4,-9,-9,-87
15:28:55.338,1,-79.6,-73.2,-7.8,-6.4,-92.5
15:28:55.570,1,-78.6,-70.2,-14,-8.4,-95.1
15:28:55.630,1,-84.7,-78.6,-9.4,-6.1,-100.3
15:28:56.538,1,-76,-66.4,-9.6,-9.6,-88.5
15:28:56.738,1,-76.9,-69.7,-10.8,-7.2,-95.6
15:28:57.680,1,-77.3,-71.2,-10.2,-6.1,-95.7
15:28:57.800,1,-74.2,-66.9,-14.8,-7.3,-89.2
15:28:59.058,1,-65.6,-61.8,-21.6,-3.8,-88.7
15:28:59.478,1,-66.4,-61.8,-24.8,-4.6,-83.4
15:29:00.670,1,-65.5,-61.7,-32,-3.9,-90
15:29:01.700,1,-72.1,-69.7,-16.6,-2.5,-96.4
15:29:01.770,1,-72.9,-66,-21,-6.9,-91.9
15:29:02.178,1,-68.2,-63.8,-12.6,-4.4,-83.6
15:29:02.218,1,-68.3,-65.8,-15.2,-2.6,-88.9
15:29:02.358,1,-70.1,-67.6,-20,-2.5,-89.5
15:29:02.428,1,-70.7,-67.6,-16.2,-3.1,-88.2
15:29:02.480,1,-67.8,-60,-20.8,-7.8,-86.6
15:29:03.080,1,-74.4,-64.4,-21,-10,-93.9
15:29:03.850,1,-62.7,-54.5,-27.4,-8.2,-81.8
15:29:04.210,1,-68.5,-58.9,-30.4,-9.6,-90.9
15:29:04.570,1,-66.5,-63,-21.3,-3.5,-89.9
15:29:04.930,1,-66.1,-62.7,-17.4,-3.4,-82.5
15:29:05.058,1,-64.2,-55.6,-18.8,-8.6,-80.2
15:29:05.098,1,-70.5,-60.6,-15.6,-9.9,-87.3
15:29:05.178,1,-68.8,-57.6,-19,-11.2,-78.3
15:29:05.238,1,-68.6,-59.3,-18.6,-9.3,-81.1
15:29:06.140,1,-67.6,-64.4,-18.2,-3.2,-83.3
15:29:07.760,1,-71.9,-63,-12.6,-8.9,-88.6
15:29:07.900,1,-67.4,-64.2,-11.6,-3.2,-84.7
15:29:08.620,1,-74.1,-68.9,-6.6,-5.2,-85.1
15:29:09.340,1,-71,-62,-14.6,-9,-82.4
15:29:09.500,1,-75.6,-67.3,-14,-8.3,-92.3
15:29:09.690,1,-76.6,-68.2,-10.4,-8.4,-86.9
15:29:10.070,1,-79.2,-69.2,-13.3,-9.9,-95.5
15:29:10.780,1,-80.5,-75.3,-8.6,-5.2,-94.3
15:29:11.050,1,-83,-78.9,-12.4,-4.1,-94.3
15:29:11.540,1,-80.2,-70.4,-10.6,-9.8,-94.1
15:29:11.720,1,-80.5,-70.2,-9.2,-10.3,-95.8
15:29:11.850,1,-73.8,-69.6,-10.4,-4.2,-91.4
15:29:12.260,1,-88.5,-77.2,-3,-11.3,-98.7
15:29:12.490,1,-76.6,-71.8,-8.4,-4.8,-90.8
15:29:12.560,1,-79.5,-73.3,-4.6,-6.1,-91.5
15:29:12.950,1,-83.9,-77.2,-4.2,-6.6,-91.8
15:29:13.290,1,-82,-72.2,-8.4,-9.7,-99.7
15:29:13.670,1,-77.3,-73.1,-5.3,-4.2,-92.9
15:29:14.310,1,-78.7,-74.8,-15,-3.9,-96.2
15:29:15.440,1,-85.5,-70.6,-12.8,-14.9,-96
15:29:16.298,1,-85.3,-75.8,2.6,-9.6,-97.1
15:29:16.810,1,-84.5,-74.1,-3.2,-10.4,-99.1
15:29:17.230,1,-82.3,-72.2,-1.4,-10.1,-96.1
15:29:17.900,1,-89.5,-77.1,-4,-12.5,-96.5
15:29:18.340,1,-92,-76.6,2.8,-15.4,-103.7
15:29:18.558,1,-89.5,-76.4,6.4,-13.1,-98.7
15:29:18.970,2,-89,-77.2,3.8,-11.8,-92.4
15:29:20.150,2,-91.8,-78.3,-0.7,-13.5,-98.8
15:29:20.410,2,-94.6,-78,0.8,-16.6,-101.8
15:29:20.538,2,-88.2,-77.4,0.6,-10.8,-94.6
15:29:20.618,2,-88,-76,1.4,-12,-97.9
15:29:20.658,2,-85.6,-78.5,0.6,-7.1,-99.3
15:29:20.938,2,-87.1,-76,-0.8,-11.1,-97.6
15:29:25.438,1,-78,-72,-9.6,-6,-89.1
15:29:30.480,1,-78.9,-69.5,-4.6,-9.4,-92.8
15:29:32.760,1,-82.6,-76.8,1.4,-5.8,-93.3
15:29:32.780,1,-82.4,-77.2,-0.6,-5.2,-96
15:29:32.790,1,-83.1,-74.6,-10.2,-8.5,-91.5
15:29:38.048,1,-88.2,-74.9,-1.4,-13.3,-99.5
15:29:38.398,1,-83.4,-72.4,-0.6,-11,-90.3
15:29:43.150,1,-83.8,-73.8,-5,-10,-91.5
15:29:48.280,1,-96.4,-70.4,-6,-26,-104.7
15:29:50.640,2,-86.4,-72.8,3.5,-13.7,-86.2
15:29:51.360,2,-81.9,-70.5,-4.1,-11.4,-86.8
15:29:52.140,2,-90.9,-75.3,5,-15.5,-98.6
15:29:53.160,1,-91.1,-75,5.5,-16.1,-102.9
15:29:53.570,2,-89.9,-76.3,-4.2,-13.6,-98
15:29:53.880,2,-87,-71.8,-2.4,-15.1,-101.9
15:29:53.940,2,-85.9,-72,1.6,-13.9,-104.8
15:29:55.680,2,-83.2,-74.3,5.9,-8.8,-94
15:29:56.780,1,-85.6,-74.9,0.2,-10.6,-100.3
15:30:02.540,2,-92.3,-73.5,16.2,-18.8,-89.5
15:30:04.310,2,-87.7,-67.8,-1.2,-20,-90.5
15:30:31.276,1,-57.8,-54.8,-39.8,-3.1,-78.4
15:30:31.396,1,-62.3,-57.6,-37.8,-4.7,-79.8
15:30:52.126,1,-80.2,-64,-20.3,-16.2,-93.4
15:30:55.806,1,-69.9,-65,-22.3,-4.9,-89.8
15:30:55.846,1,-85.1,-71.2,-21.3,-13.9,-102.5
15:31:03.924,1,-78.9,-68.3,-9,-10.5,-87.8
15:31:04.304,2,-79.6,-67.5,-12.8,-12.1,-89.9
15:31:05.576,2,-80.3,-71.3,-12.2,-9,-91.4
15:31:16.164,1,-82.9,-62.4,-14,-20.5,-99.1
15:31:33.572,1,-60.8,-57.8,-17.9,-3,-83.1
15:31:35.732,1,-59.9,-56.4,-27.6,-3.4,-80.2
15:31:35.772,1,-59,-56.6,-19.9,-2.4,-77.4
15:31:36.492,1,-53.2,-49.3,-28.9,-3.9,-77.1
15:31:37.452,1,-49.1,-46.6,-26.6,-2.5,-69.3
15:31:40.372,1,-48.1,-45.6,-31.3,-2.6,-71.5
15:31:40.532,1,-46.9,-41.8,-33.4,-5.1,-69.2
15:31:41.172,1,-44.2,-41.2,-36,-3,-68.4
15:31:44.132,1,-44.1,-40.8,-41.4,-3.3,-62.6
15:31:47.332,1,-45.2,-41.6,-50,-3.6,-69.1
15:31:47.692,1,-44.5,-41.9,-46.4,-2.5,-67.1
15:31:56.372,1,-53.7,-44.5,-30.2,-9.2,-66.9
15:32:09.460,1,-62,-51.8,-26.8,-10.2,-78.4
15:32:09.820,1,-61.9,-53.9,-24.6,-8,-81.2
15:32:11.980,1,-59.9,-50.2,-24,-9.7,-78.9
15:32:12.700,1,-69.1,-59.7,-27.8,-9.4,-86.5
15:32:12.760,1,-67.4,-57,-24.8,-10.4,-78.4
15:32:13.780,1,-67.7,-55.9,-23.6,-11.8,-85
15:32:15.580,2,-62.2,-49.9,-31.6,-12.3,-80.4
15:32:19.900,1,-65.8,-54.5,-27.8,-11.3,-84.9
15:32:20.620,1,-61.8,-52.3,-33.8,-9.4,-82.6
15:32:25.360,1,-59.4,-55.1,-30.2,-4.3,-79.2
15:32:26.802,1,-64.4,-53.9,-31.2,-10.5,-85.6
15:32:33.580,1,-71.6,-65.8,-17.6,-5.8,-92.1
15:32:38.980,1,-76,-65.8,-21.2,-10.2,-83.8
15:32:40.420,1,-70.6,-60.3,-20.2,-10.2,-84.6
15:32:42.232,2,-84,-66.6,-26,-17.4,-91.9
15:32:44.192,1,-77,-72.8,-17.4,-4.2,-97.4
15:32:51.942,2,-82,-71.2,-4.7,-10.8,-90.9
15:32:55.540,2,-82.2,-67.7,-10.2,-14.5,-94.5
15:32:55.600,2,-85,-72.5,-10.2,-12.5,-93.6
15:33:08.832,2,-72.1,-65.2,-11,-6.9,-84.6
15:33:10.402,1,-83.3,-72.9,-6.8,-10.4,-93.9
15:33:12.902,1,-68,-59.4,-4,-8.5,-78.9
15:33:14.002,1,-68.4,-61.9,-8.2,-6.5,-88.5
15:33:14.262,1,-67.9,-62,-7.6,-5.9,-85.3
15:33:15.442,1,-72.2,-64.6,-6.6,-7.6,-90.6
15:33:17.562,1,-67,-60.4,-11.8,-6.6,-89.4
15:33:19.362,1,-75.8,-65.7,-14,-10.1,-92.4
15:33:20.022,1,-79.8,-69.8,-15.2,-10.1,-96.9
15:33:23.982,1,-69.2,-60,-16.2,-9.2,-82.4
15:33:26.212,1,-76,-69.8,-19.2,-6.1,-95.8
15:33:28.402,1,-71.8,-63.5,-24.8,-8.3,-86.2
15:33:28.662,1,-75.2,-68,-17,-7.2,-91.8
15:33:29.382,1,-71.9,-64.2,-19.8,-7.7,-88.2
15:33:30.482,1,-72.2,-67.2,-13.6,-5.1,-86.7
15:33:30.822,1,-75.3,-69,-15.8,-6.3,-101.5
15:33:31.922,1,-72.4,-65.9,-7.6,-6.4,-91.9
15:33:34.802,1,-69.6,-60.3,-6.2,-9.2,-83.9
15:33:35.222,1,-75.5,-66.6,-13.8,-9,-90.1
15:33:37.042,1,-70.8,-64.2,-17,-6.6,-90.4
15:33:37.302,1,-72.6,-64.4,-12.8,-8.1,-81
15:33:38.402,1,-78.5,-69,-12.8,-9.5,-91.8
15:33:45.652,1,-76.5,-67.1,-19,-9.4,-88.1
15:33:49.542,1,-80.7,-71,-13,-9.7,-93.6
15:33:49.622,1,-79.6,-69.2,-9.8,-10.4,-94.9
15:33:49.922,1,-78.1,-67.6,-8.2,-10.5,-89.8
15:33:50.982,1,-77.7,-67.9,-11.8,-9.7,-88.3
15:33:53.222,1,-79,-71,-14,-8,-93.7
15:33:57.122,1,-70.4,-60.8,-9.8,-9.7,-82.6
15:33:57.842,1,-77.1,-67,-17,-10.1,-95.1
15:34:00.402,1,-76.8,-65.3,-8.8,-11.5,-89.5
15:34:01.142,1,-74.1,-64.3,-15.2,-9.8,-85.7
15:34:02.242,1,-70.9,-63,-10,-7.9,-87.9
15:34:03.682,1,-75.3,-67.2,-8.6,-8,-95.9
15:34:04.662,1,-72,-63.8,-7,-8.2,-89.5
15:34:04.742,1,-66.5,-59.8,-11.6,-6.8,-88.2
15:34:07.622,1,-73.3,-65.2,-13,-8.1,-83.2
15:34:10.842,1,-70.9,-64,-17.2,-6.9,-93.6
15:34:11.142,1,-75.9,-63.5,-17.8,-12.4,-89
15:34:12.592,1,-79.5,-68.1,-10.3,-11.4,-88.1
15:34:15.542,1,-76,-68.3,-11,-7.7,-91.9
15:34:16.182,1,-74.1,-64.8,-15.2,-9.3,-85.2
15:34:16.902,1,-61.1,-53.7,-13.2,-7.4,-78.3
15:34:19.062,1,-64.9,-59.2,-22.8,-5.7,-83.6
15:34:20.962,1,-69.8,-63.3,-22.8,-6.5,-86.6
15:34:21.222,1,-69.3,-59.6,-20.3,-9.8,-91.7
15:34:21.582,1,-74.8,-65.8,-21,-9,-91.1
15:34:22.672,2,-73.4,-61,-24.2,-12.4,-85.5
15:34:23.022,2,-74.3,-59.2,-18,-15.1,-83.9
15:34:23.082,2,-73.1,-60.9,-21.8,-12.1,-94.1
15:34:23.382,2,-74.2,-61.3,-22.8,-12.9,-88.6
15:34:24.792,2,-66.2,-60.2,-17.4,-6,-82.9
15:34:26.982,2,-69.3,-63.2,-23,-6.2,-84.3
15:34:27.872,1,-65.7,-61.2,-25,-4.6,-80.2
15:35:13.522,1,-83.3,-71.8,-10,-11.5,-95.9
15:35:30.082,2,-87.8,-78.1,-2.8,-9.7,-97.9
15:35:31.792,2,-98.9,-80.8,0.8,-18.2,-103.2
15:35:31.862,2,-90.4,-77.2,6.5,-13.1,-94.4
15:35:32.512,2,-94.5,-81.7,-4,-12.9,-99.4
15:35:33.222,2,-86.4,-74.9,-2.5,-11.5,-98.8
15:35:33.942,2,-92.3,-82,4.5,-10.3,-104.5
15:35:34.022,2,-85.5,-74.8,7.5,-10.8,-93.8
15:35:34.662,2,-93,-73.4,1.5,-19.5,-94.8
15:35:34.742,2,-101.3,-75,-0.5,-26.3,-105.7
15:35:54.902,2,-95.8,-83.2,7.6,-12.6,-100.7
15:36:01.762,1,-98.3,-88.7,13.2,-9.6,-107.6
15:36:03.852,1,-98.8,-86.6,12.8,-12.2,-103.4
15:36:03.922,1,-98.1,-87,14.4,-11.1,-104.3
15:36:06.362,2,-98.8,-85,12.6,-13.8,-107.3
15:36:07.802,2,-101.5,-88.2,15.8,-13.2,-104.1
15:36:09.972,2,-104.3,-89.6,11,-14.8,-109.1
15:36:10.042,2,-103.4,-86.2,11,-17.2,-109.1
15:36:16.582,1,-101.7,-91.1,8.2,-10.7,-112.1
15:36:19.402,1,-100,-88.8,11.4,-11.1,-114.2
15:36:20.432,1,-100.8,-88.9,9.8,-11.8,-109.9
15:36:21.222,2,-98.9,-87.9,10.4,-11,-107
15:36:21.452,2,-91.5,-83.5,8.8,-8,-100.8
15:36:21.862,2,-99.4,-88.6,14.8,-10.8,-100
15:36:24.012,2,-97.1,-85.7,8.8,-11.5,-107.8
15:36:25.882,1,-96.9,-86.1,14,-10.9,-108.9
15:36:26.182,1,-92.1,-83.2,12,-8.9,-102.1
15:36:26.902,1,-99.4,-85.7,7.2,-13.8,-107.7
15:36:26.982,1,-97.8,-86.3,10,-11.4,-105.3
15:36:27.702,1,-98.4,-82.7,9.2,-15.7,-105.2
15:36:28.182,1,-95.9,-83.8,12.2,-12,-110
15:36:29.002,2,-103.8,-88.2,13.1,-15.6,-111
15:36:29.222,2,-99.5,-85,15.1,-14.5,-104.9
15:36:29.622,2,-101.4,-87.8,15.8,-13.6,-107.7
15:36:30.442,1,-96,-84.6,12.2,-11.4,-104.5
15:36:30.702,1,-91.5,-84.8,13.1,-6.7,-100.3
15:36:31.522,1,-99.9,-87,14.2,-12.9,-108.4
15:36:32.624,1,-97,-83.2,7.9,-13.9,-107.1
15:36:32.674,1,-97,-84,11.6,-13,-104.5
15:36:33.002,1,-99.7,-87.4,6.9,-12.3,-103.2
15:36:33.382,1,-100.7,-86.2,15.2,-14.4,-110.2
15:36:33.472,1,-97,-85.4,9.8,-11.5,-101.4
15:36:33.542,1,-98.9,-85.8,15.5,-13.1,-103.7
15:36:35.162,1,-96.3,-84.8,7.5,-11.6,-104.5
15:36:36.202,2,-89.7,-78.6,9.2,-11.1,-93
15:37:10.382,2,-105.6,-83.8,18.2,-21.9,-113.6
15:37:10.702,2,-97.8,-82.3,11.8,-15.5,-101.8
15:37:11.462,2,-99,-83.9,14.8,-15,-104.6
15:37:11.542,2,-99.4,-83.2,11.6,-16.1,-101.3
15:38:25.564,1,-67.6,-63.9,-8.4,-3.7,-81.7
15:38:39.604,1,-53.8,-49.4,-22.4,-4.4,-73.3
15:38:44.584,1,-55.4,-52.1,-39.4,-3.3,-84.3
15:38:48.604,1,-64.6,-53.4,-27.2,-11.2,-84.1
15:38:52.204,1,-67.2,-61.3,-16.9,-5.8,-81.9
15:39:01.276,1,-80.8,-63.8,-22,-17.1,-92.7
15:39:01.296,1,-77,-62.7,-20.6,-14.3,-87.3
15:39:04.084,1,-68.2,-58.6,-19,-9.7,-80.3
15:39:05.884,1,-64.4,-55.6,-23,-8.8,-86.1
15:39:10.564,1,-69.7,-64.7,-25,-5,-89.6
15:39:16.684,1,-72.9,-67.1,-12.4,-5.8,-90.2
15:39:16.984,1,-64.9,-58.6,-12.2,-6.3,-87
15:39:25.684,1,-72.8,-63.6,-15,-9.2,-86.8
15:39:34.264,1,-82.8,-73.8,0.8,-8.9,-96.9
15:39:34.324,1,-80.3,-72.5,3.6,-7.8,-91
15:39:34.724,1,-86,-76.6,1.8,-9.4,-102.9
15:39:41.844,1,-95.7,-87.6,0,-8.1,-106.6
15:39:42.644,1,-87.7,-80.9,-2,-6.8,-100.4
15:39:45.064,1,-88.4,-80.1,3.6,-8.3,-103.8
15:39:47.654,1,-86.4,-77.1,2.4,-9.3,-93.3
15:39:50.184,1,-86.6,-78.3,-0.4,-8.2,-101.2
15:39:54.884,1,-88.8,-78.2,3,-10.7,-103.7
15:39:57.044,2,-96,-83.1,6,-13,-102.5
15:39:57.304,2,-89.3,-78.4,5.8,-10.9,-103.2
15:40:00.604,2,-95,-81.7,7,-13.3,-100.2
15:40:02.044,2,-97,-81.3,9.2,-15.7,-104.5
15:40:03.064,2,-97.6,-81.2,15.7,-16.4,-103.5
15:40:03.124,2,-95.1,-81.2,3.2,-14,-108.6
15:40:04.924,2,-88.7,-77.1,11.6,-11.6,-94.6
15:40:05.224,2,-99.2,-83,4.9,-16.2,-103
15:40:05.284,2,-94.4,-82.8,10.6,-11.6,-97.8
15:40:05.954,2,-98.4,-79.2,10.4,-19.1,-102.5
15:40:06.664,2,-95.5,-76.8,17.4,-18.6,-101.3
15:40:07.094,2,-95.9,-83.8,9.9,-12.2,-105.4
15:40:07.814,2,-95.1,-80.6,12,-14.5,-101
15:40:07.824,2,-90.9,-77.6,11.4,-13.4,-100.1
15:40:08.904,1,-92.2,-75.2,9.7,-16.9,-95.7
15:40:10.724,1,-108.7,-84.6,7.5,-24.1,-107.6
15:40:11.364,1,-84.1,-75.1,1.9,-9.1,-100.9
15:40:12.096,1,-103.3,-80.8,3.9,-22.5,-109.2
15:40:12.804,1,-99.8,-80.8,7.5,-19,-100.9
15:40:14.676,1,-93.5,-73.7,9.9,-19.8,-95.7
15:40:16.344,1,-97.8,-72.3,3.8,-25.5,-104.4
15:40:16.504,1,-86.7,-70.2,-12.2,-16.5,-94.4
15:40:16.904,2,-89.3,-74.2,-1.1,-15.1,-95
15:40:17.304,2,-98.5,-75.6,-6.2,-22.9,-99.9
15:40:17.344,2,-83.4,-67.2,-11.8,-16.2,-96.3
15:40:18.304,2,-90,-72.8,-9.6,-17.2,-96.9
15:40:23.742,1,-69.6,-64.4,-22,-5.2,-90.1
15:40:25.318,1,-67.1,-61.8,-23.3,-5.3,-83.7
15:40:29.118,1,-63.2,-58.2,-7.3,-4.9,-77.3
15:40:29.588,1,-78,-68.8,-13.9,-9.1,-91
15:40:34.998,1,-71.2,-63.7,-13.4,-7.5,-92.7
15:40:41.048,2,-73.7,-64.5,-19.5,-9.2,-84.5
15:40:44.626,1,-70.5,-66.1,-20.9,-4.5,-85.8
15:40:48.188,1,-50.1,-46.8,-33.4,-3.3,-62.6
15:40:52.188,1,-55,-52.7,-25.2,-2.4,-79.3
15:41:04.106,1,-63.6,-54.8,-24.2,-8.8,-82.2
15:41:04.768,2,-73.3,-61.8,-23,-11.5,-87.6
15:41:25.370,1,-90.2,-72.1,-19.4,-18.1,-105
15:41:26.348,1,-68.2,-62.3,-16.2,-5.8,-89.7
15:42:09.538,1,-100.4,-88,6.6,-12.4,-109.6
15:42:10.308,1,-97.9,-85.4,14.8,-12.5,-100.7
15:42:10.618,1,-96.2,-85.6,3,-10.7,-109.6
15:42:12.108,2,-96.4,-82,5.8,-14.4,-95.3
15:42:20.348,2,-88.9,-80.5,6.8,-8.4,-96.5
15:42:21.068,2,-94.8,-83,5,-11.8,-97.9
15:42:22.208,2,-89.8,-73.4,7.5,-16.4,-96.4
15:42:22.448,2,-94.5,-77.9,8.5,-16.6,-101.9
15:42:22.848,2,-90.9,-81.2,3.8,-9.7,-99.5
15:42:31.088,2,-95.5,-74.9,-3.2,-20.6,-98.2
15:42:31.198,2,-102.9,-80.3,-9.1,-22.5,-115.2
15:42:33.248,1,-91.5,-80.6,9.6,-11,-99
15:42:33.968,2,-96.5,-82.6,-14,-13.9,-108.9
15:42:34.328,2,-86.4,-77.6,-8,-8.9,-105.2
15:42:34.798,2,-85.2,-73.8,-7.4,-11.4,-102
15:42:35.448,2,-87.3,-76.3,-1.1,-11,-92.7
15:42:45.848,1,-76.2,-72.4,-10.2,-3.8,-95
15:42:45.898,1,-76.8,-72.5,-9.8,-4.3,-91.7
15:42:46.968,1,-88.3,-80.2,-6,-8.1,-104.4
15:42:47.028,1,-89.2,-78.2,-7,-10.9,-102.3
15:42:47.688,1,-89.2,-75.9,-6,-13.3,-100.3
15:42:48.768,2,-84.7,-76.2,-10,-8.4,-96.8
15:42:49.128,2,-84.1,-79,-11.2,-5.1,-98.5
15:42:49.448,2,-82.7,-77.1,-14,-5.7,-97.6
15:42:49.868,1,-89.7,-81.2,-17.2,-8.5,-106.2
15:42:51.308,1,-82.4,-77.1,-16,-5.3,-103.2
15:42:52.328,1,-82.1,-77.2,-14,-4.9,-97.8
15:42:52.458,1,-83.3,-77.7,-9.8,-5.6,-99.7
15:42:53.408,1,-78.3,-74,-16,-4.3,-97.3
15:43:15.160,1,-82.2,-74.4,-9.7,-7.8,-105.9
15:43:23.080,1,-86.2,-74.5,-7.1,-11.7,-96.7
15:43:31.380,1,-84.4,-77.3,-5.3,-7.1,-95.1
15:43:38.240,2,-96.1,-87,6.2,-9.1,-103
15:43:38.840,2,-94.9,-83.5,6.2,-11.4,-98.1
15:43:39.230,2,-92.7,-82,-2,-10.7,-104.1
15:43:40.880,2,-97.5,-87,13.2,-10.5,-111.8
15:43:40.960,2,-96.9,-83.8,11.2,-13.1,-102.7
15:43:41.460,2,-99.2,-84.9,8.2,-14.3,-106.3
15:43:42.870,2,-97.1,-81.8,0.8,-15.2,-104.4
15:43:42.880,2,-94.2,-82.3,7.1,-11.9,-102.6
15:43:43.170,2,-96.6,-83.5,7.1,-13.1,-111.3
15:43:43.880,2,-98.6,-82.8,7.3,-15.7,-107.6
15:43:43.960,2,-103.4,-83.6,7.2,-19.8,-103.9
15:43:44.260,2,-98.2,-83.9,6.2,-14.3,-103.9
15:43:44.340,2,-97.7,-83.1,7.2,-14.6,-97.8
15:43:46.720,2,-97.8,-84,0.3,-13.8,-106.8
15:43:47.440,2,-98.2,-84.5,8.4,-13.7,-104.6
15:43:48.660,2,-99,-82.8,6.7,-16.2,-102.7
15:43:48.920,2,-97.1,-81.3,2.2,-15.7,-107.9
15:43:49.000,2,-93,-80.1,-3,-12.9,-102.4
15:43:49.600,2,-96.4,-82.2,1,-14.2,-101.9
15:43:50.440,2,-98.3,-84.1,14.1,-14.3,-101.1
15:43:50.960,2,-96.2,-81.5,3.6,-14.7,-100.1
15:43:51.540,2,-88.2,-81.3,4.9,-6.8,-99.4
15:43:58.562,2,-104.6,-91,14.8,-13.6,-111.3
15:43:59.700,2,-106.8,-89.9,18.9,-16.9,-106.4
15:44:00.130,2,-102.8,-89.3,9.8,-13.4,-109.9
15:44:00.422,2,-103.5,-89.6,13,-13.9,-108.4
15:44:07.840,2,-101.2,-88.2,2.2,-13,-107.3
15:44:08.280,2,-102,-87.2,12,-14.9,-104.3
15:44:26.800,1,-91.9,-80.2,5.8,-11.6,-100.9
15:44:27.160,1,-90.9,-82.7,4.7,-8.3,-99.9
15:44:27.520,1,-91.4,-83.4,6.8,-8,-106
15:44:28.142,1,-108.5,-81.5,6.8,-27,-114.5
15:44:29.010,1,-97.3,-83.4,7.2,-13.9,-104.5
15:44:30.360,1,-93.1,-80.1,9.1,-13,-109
15:44:31.130,1,-101.4,-88.6,7.4,-12.8,-106.5
15:44:31.480,1,-94,-82.6,12.8,-11.4,-101.1
15:44:33.242,1,-111.2,-85.8,10.7,-25.4,-117.2
15:44:33.862,1,-107.7,-86.8,17.8,-20.9,-109.9
15:44:34.430,1,-100.3,-86.6,15.3,-13.7,-105.8
15:44:35.440,1,-101.8,-88,21.2,-13.8,-107.1
15:44:35.760,1,-103.7,-89,20.6,-14.7,-107.4
15:44:36.760,1,-104.6,-90.8,20.1,-13.9,-114.9
15:44:37.010,1,-103.1,-88.8,16,-14.2,-112.7
15:44:37.040,1,-103.7,-90.2,20.2,-13.6,-106.5
15:44:38.022,1,-105,-90.8,20.2,-14.2,-114.7
15:44:38.100,1,-104.5,-87.7,21.4,-16.8,-108.9
15:44:38.200,1,-106.2,-91.2,20.2,-15,-112.2
15:44:38.680,1,-105.9,-91.8,22.1,-14.1,-108.2
15:44:39.812,2,-102.2,-88.1,19,-14.1,-102.5
15:44:40.080,2,-103.3,-91.6,21.1,-11.7,-114.2
15:44:50.512,2,-112.3,-90,16.3,-22.3,-109
15:44:54.060,2,-104.6,-90.9,19.2,-13.7,-116.9
15:44:55.870,2,-111.6,-91.5,16.2,-20.1,-110.9
15:44:56.440,2,-109.7,-91.4,21.2,-18.2,-114.2
15:44:56.490,2,-110.9,-89.2,17.3,-21.7,-106
15:44:57.962,2,-112.8,-92.8,21.2,-20,-112.5
15:44:58.092,2,-113.2,-92.7,17.3,-20.6,-118.1
15:44:58.112,2,-114.8,-91.8,16.3,-23,-113.2
15:44:58.392,2,-114.9,-93.2,16.3,-21.7,-114.1
15:44:58.640,2,-107.6,-89.2,21.2,-18.4,-110.4
15:44:59.320,2,-110.1,-93.8,21.2,-16.3,-115.5
15:44:59.440,2,-108.3,-93.8,22.2,-14.5,-117.5
15:45:00.562,2,-115.2,-92.8,21.2,-22.3,-115.4
15:45:01.210,2,-112.5,-91.9,17.3,-20.6,-110.5
15:45:02.280,2,-117.2,-92.9,21.2,-24.2,-121.3
15:45:02.640,2,-117.1,-95.3,21.2,-21.7,-113.3
15:45:04.552,1,-104,-94.2,16.4,-9.8,-113.9
15:45:04.810,1,-101.4,-90,17.9,-11.4,-112.4
15:45:05.540,1,-108.6,-95.2,16.9,-13.4,-114.5
15:45:14.368,1,-105.1,-91.8,22.2,-13.3,-100.4
15:45:20.678,1,-115.3,-94.9,21,-20.4,-115.5
15:45:27.728,2,-114.2,-96.2,22.2,-18,-114
15:47:01.420,1,-111.6,-96.2,12.2,-15.4,-120.3
15:47:02.940,1,-111.3,-96.6,13.9,-14.7,-109.2
15:47:09.888,1,-113.4,-94.7,6,-18.7,-121.6
15:47:12.100,2,-109.2,-93.6,4,-15.6,-111.9
15:47:12.110,2,-108.7,-92.7,7.9,-16,-116.5
15:47:22.548,1,-107.6,-94.1,14.8,-13.5,-115.7
15:47:40.128,1,-103.9,-90.9,1.4,-13,-114.5
15:47:42.370,1,-107.5,-90.5,0.8,-17,-108.1
15:47:42.390,1,-93.6,-89.9,5.4,-3.7,-111.6
15:47:44.448,1,-97.8,-88.2,5.8,-9.5,-113.6
15:47:45.168,1,-101,-89.8,1.8,-11.2,-110.7
15:47:56.688,1,-102.5,-85.6,-3.2,-16.9,-110.5
15:48:09.350,1,-98.5,-87.6,7.8,-10.9,-106.8
15:48:09.990,1,-98.2,-86.6,7.8,-11.6,-103.6
15:48:16.550,1,-94.6,-89.8,1.7,-4.8,-110.6
15:48:19.430,1,-96.6,-86.5,5.8,-10.1,-106.3
15:48:32.668,1,-83.9,-78.9,-3.2,-5,-92.1
15:48:56.070,1,-89.5,-84.9,2.8,-4.6,-100.8
15:48:56.428,1,-84.7,-80.5,-2.3,-4.2,-95.7
15:49:00.750,1,-90.2,-85.7,1.8,-4.5,-105.1
15:49:11.910,1,-87.5,-78.1,0.8,-9.4,-98.6
15:49:14.068,1,-87.6,-78.4,-1.2,-9.2,-101
15:49:19.108,1,-94.4,-83.8,5.8,-10.7,-107.6
15:49:26.310,1,-86.9,-76.5,-6.3,-10.4,-95.1
15:49:27.448,1,-82.6,-73.2,-6.3,-9.4,-101.4
15:49:28.190,1,-97.1,-86.7,-7.3,-10.5,-118.7
15:49:28.390,1,-89.8,-76,-7.3,-13.8,-101
15:49:29.908,1,-89,-78.6,-8.3,-10.4,-107.8
15:49:34.588,1,-84.7,-80.3,-0.9,-4.4,-104.9
15:50:10.648,1,-58.3,-51.8,-20.2,-6.4,-81.6
15:50:18.228,1,-74.3,-68.3,-15.9,-6,-86.4
15:50:27.508,1,-74.6,-66,-25.3,-8.6,-86.7
15:50:28.648,1,-77.5,-71.8,-22.3,-5.6,-96.8
15:50:38.728,2,-66.2,-59.8,-33.1,-6.4,-86.6
15:50:41.910,1,-66.8,-59.1,-38.1,-7.7,-90.8
15:50:50.928,1,-66.4,-57.9,-27.7,-8.5,-83
15:50:53.788,1,-69.2,-60.4,-25.4,-8.8,-89.9
15:51:08.288,1,-66.8,-62.5,-35,-4.3,-87.4
15:51:13.228,1,-66.4,-58.3,-33,-8.1,-86.6
15:51:26.856,1,-66.9,-64,-32,-2.9,-89
15:51:30.576,1,-66.2,-62.1,-31.8,-4.2,-93.8
15:51:31.456,1,-65.3,-60.6,-29.8,-4.7,-83.3
15:51:31.656,1,-67.4,-63,-31.8,-4.4,-85.7
15:51:31.736,1,-66.9,-64,-29.8,-2.9,-90.4
15:51:34.456,1,-66.9,-62.2,-30.8,-4.6,-83.5
15:51:34.816,1,-67.1,-58.6,-32.8,-8.5,-92.5
15:51:34.856,1,-67.4,-64.2,-32.8,-3.2,-95.6
15:51:35.296,1,-67.7,-64.2,-31,-3.5,-89.9
15:51:39.216,1,-71.9,-63.1,-25.6,-8.8,-91.6
15:51:44.464,1,-68.3,-62.8,-29.4,-5.6,-86.7
15:51:51.954,1,-66.4,-62.2,-27,-4.2,-83.8
15:51:57.084,1,-65.7,-59,-28.2,-6.7,-78.3
15:51:59.964,1,-66.8,-63.7,-26.4,-3.1,-87.5
15:52:00.604,1,-69.2,-64.9,-26.4,-4.3,-97
15:52:02.296,1,-70.3,-61.7,-26.6,-8.6,-88.4
15:52:06.064,1,-65.3,-62.2,-28.4,-3.1,-91.1
15:52:07.504,1,-62.7,-56.3,-31.2,-6.4,-78.7
15:52:14.656,2,-77.6,-62.8,-36.8,-14.8,-92.9
15:52:16.284,1,-68.2,-60.6,-34,-7.6,-94
15:52:16.296,1,-71.2,-64.9,-27.6,-6.3,-91.5
15:52:17.446,2,-69.7,-59.9,-25.7,-9.8,-83.7
15:52:17.924,2,-76.1,-66.2,-25.9,-9.9,-95.3
15:52:20.384,2,-61.3,-57.1,-32.2,-4.2,-77.8
15:52:21.104,1,-70.7,-62.7,-29.4,-8,-86.8
15:52:27.224,1,-62.1,-53.2,-30.4,-8.9,-83.3
15:52:29.744,1,-71,-64.1,-26.4,-6.9,-88.1
15:52:35.504,1,-64.2,-57.6,-24.4,-6.6,-79.2
15:52:36.224,1,-72.1,-63.4,-26.2,-8.7,-93.1
15:52:42.704,1,-61.3,-58.7,-21.2,-2.6,-81.6
15:52:45.224,1,-67.6,-59.4,-21.4,-8.1,-84
15:52:45.284,1,-66.9,-58.7,-21.2,-8.3,-81.7
15:52:50.284,1,-75.2,-68.2,-25,-7,-96.7
15:52:52.784,1,-68.1,-65.1,-16.4,-3,-83.5
15:53:01.784,1,-74.8,-67.9,-22.2,-6.9,-91.4
15:53:02.144,1,-69.7,-63.2,-22.2,-6.5,-88.5
15:53:03.644,1,-70.4,-63.2,-25,-7.1,-87.1
15:53:05.084,1,-71.6,-64.2,-23,-7.4,-91.7
15:53:05.744,1,-67.5,-61.2,-22.4,-6.3,-83.8
15:53:10.784,1,-76.8,-70.7,-8.2,-6.2,-94.1
15:53:16.966,1,-78.3,-71.2,-6.2,-7,-86.7
15:53:26.284,1,-80.6,-76.2,-1.4,-4.4,-100.6
15:53:28.144,2,-82.5,-78.1,-1.4,-4.4,-96.5
15:53:29.504,1,-82.5,-74,6.6,-8.5,-93.7
15:53:32.034,1,-88.8,-78.6,-2,-10.3,-94.6
15:53:35.004,1,-87.4,-77.1,-7,-10.3,-104.8
15:53:35.644,1,-85,-74.2,-6.7,-10.8,-97
15:53:35.966,2,-84.6,-74.2,-6,-10.5,-94.5
15:53:37.166,2,-77.5,-72.2,-7.4,-5.4,-95.7
15:54:01.614,2,-81.4,-75.4,-9.8,-6,-89.3
15:54:05.504,1,-81.7,-78.7,-8.4,-3.1,-99.5
15:54:06.224,1,-81.5,-72.6,-9.2,-9,-95.9
15:54:11.004,1,-85.1,-75.8,-8.3,-9.3,-101
15:54:12.784,1,-83.1,-78.9,-4.3,-4.1,-101.1
15:54:14.224,1,-91.1,-84.4,0.6,-6.7,-101.3
15:54:22.144,1,-96.8,-83.9,-4,-12.9,-106.3
15:54:22.784,1,-91.2,-87.1,-8,-4.1,-108.4
15:54:23.584,1,-87,-80.2,-9,-6.9,-107.3
15:54:28.206,1,-88.2,-83.5,0.7,-4.7,-107
15:54:44.034,1,-85.5,-78.8,-5,-6.8,-99.8
15:54:44.096,1,-83.6,-76.3,-5.1,-7.3,-97.2
15:54:47.724,1,-91.4,-86.7,-8,-4.7,-107.8
15:54:48.364,1,-92.8,-86.2,-5.4,-6.6,-105.7
15:54:48.784,1,-95.2,-87.1,-4,-8.1,-110.2
15:54:50.144,1,-91.1,-83.8,-0.4,-7.4,-98.1
15:54:50.606,1,-94.5,-87.4,9,-7.1,-108.8
15:54:51.584,1,-98.9,-86.9,5,-11.9,-106.6
15:54:54.784,2,-97.4,-83.2,-2,-14.1,-107.6
15:54:54.846,2,-97.6,-85,-2,-12.6,-107.4
15:54:55.906,2,-97.9,-85.8,5.5,-12.1,-111
15:54:56.386,2,-94.6,-82.8,5.8,-11.9,-100
15:54:56.626,2,-98.4,-84.9,1.5,-13.5,-106.1
15:54:56.996,2,-93.2,-84,-1.9,-9.2,-102.1
15:54:57.056,2,-99.9,-86.8,9.5,-13.1,-105.6
15:54:58.224,2,-86.4,-79.7,-8.4,-6.7,-100.6
15:54:58.796,1,-87.9,-83.8,-0.1,-4.1,-103.5
15:54:59.114,1,-91,-84.4,-2.4,-6.6,-102
15:54:59.516,1,-88.9,-81.2,-3.2,-7.7,-98.3
15:55:00.686,1,-91.5,-83.3,-8.4,-8.2,-106.7
15:55:01.676,1,-91.3,-84,2.4,-7.3,-98.3
15:55:01.706,1,-89.9,-83.6,-8.4,-6.3,-103.4
15:55:01.786,1,-89.3,-80.8,-5.4,-8.5,-104.5
15:55:02.224,1,-86.7,-80.4,-11.4,-6.2,-104.7
15:55:02.856,1,-82.3,-75.5,-10.6,-6.8,-91.1
15:55:04.144,1,-86.1,-79.2,-13,-6.9,-103
15:55:04.206,1,-86.4,-78.7,-11.4,-7.7,-100.7
15:55:04.556,1,-90.4,-83.3,-3.6,-7.1,-101.2
15:55:05.006,1,-86.2,-78.4,-4.2,-7.8,-100.9
15:55:05.656,1,-93.2,-84.6,-6.8,-8.7,-105.3
15:55:05.738,1,-90.9,-82.1,1.5,-8.8,-101.8
15:55:05.956,1,-92.8,-85.4,1.8,-7.4,-108.4
15:55:06.224,1,-91.4,-85.6,-4.2,-5.8,-102.6
15:55:06.584,1,-97.4,-86.4,2.8,-11,-111.2
15:55:06.784,1,-95.1,-83.5,6.2,-11.6,-98.5
15:55:07.584,2,-91,-82,-3.2,-9,-102.1
15:55:07.878,2,-90.2,-82.1,8.1,-8.1,-104.5
15:55:08.156,2,-94,-81.8,1,-12.2,-103.7
15:55:08.228,2,-91.5,-82,-1.2,-9.5,-101.4
15:55:08.826,2,-96.1,-81.2,-4,-14.8,-115.1
15:55:09.346,2,-99,-84.8,1.7,-14.2,-106.4
15:55:09.504,2,-94.6,-84.8,3.3,-9.8,-102.7
15:55:09.784,2,-92.7,-84.2,7.8,-8.5,-105
15:55:09.918,1,-95.9,-87.1,7.8,-8.8,-107.3
15:55:10.038,1,-89.7,-83.8,7.1,-5.9,-99.7
15:55:10.864,1,-90.5,-82.2,-6,-8.3,-98.2
15:55:10.986,1,-98.9,-85.6,-0.4,-13.4,-110.2
15:55:11.116,1,-92.1,-87,-7,-5.1,-108.8
15:55:12.206,1,-88.6,-84.3,-0.4,-4.2,-103.8
15:55:12.224,1,-88.9,-85.5,0.8,-3.4,-108.9
15:55:12.936,1,-97.9,-85.3,-3.2,-12.6,-109.5
15:55:14.466,1,-84.7,-77.3,-3.2,-7.4,-97.6
15:55:14.504,1,-87.4,-82.2,1.8,-5.2,-101.8
15:55:15.356,1,-91,-79.9,-5.1,-11.1,-101.4
15:55:15.806,1,-91.4,-81.1,-3,-10.4,-98.4
15:55:16.156,1,-83.2,-74.3,-8.4,-8.9,-99.1
15:55:16.186,1,-84.3,-75.9,-9.1,-8.4,-95.9
15:55:16.746,1,-86.3,-77.5,-3.4,-8.8,-97.9
15:55:16.876,1,-87.6,-81.7,-1.4,-6,-97.4
15:55:18.606,1,-84,-74.5,-8,-9.5,-102.8
15:55:19.584,1,-97.7,-80.3,-11.4,-17.3,-104.6
15:55:20.486,1,-85.1,-74.7,-1.4,-10.4,-92.2
15:55:20.706,1,-90.2,-75.1,-4,-15.1,-99.2
15:55:21.526,2,-92.9,-74.8,-12.7,-18.1,-100.9
15:55:21.784,2,-86.2,-74.4,-10.8,-11.8,-97.4
15:55:22.224,2,-81.4,-71.4,-19.2,-9.9,-98.6
15:55:22.306,2,-77,-69.7,-19.2,-7.3,-92.5
15:55:23.716,1,-66.3,-63.6,-15.1,-2.7,-83.4
15:55:24.784,1,-69.5,-65.8,-21.4,-3.7,-85.3
15:55:25.144,1,-67.8,-63.8,-20.4,-4.1,-86.8
15:55:25.886,1,-71.6,-63.7,-16.8,-7.9,-83.9
15:55:26.866,1,-78.1,-69.7,-6.8,-8.4,-92.1
15:55:27.296,1,-74.9,-69.8,-19.4,-5.1,-88.2
15:55:29.806,1,-79.1,-71.2,-25.8,-8,-97.6
15:55:31.144,1,-92.9,-76.4,-20,-16.5,-102.6
15:55:31.906,2,-78,-73.8,-22.3,-4.2,-95.7
15:55:31.966,2,-78.6,-73.2,-21.8,-5.4,-93.6
15:55:32.584,1,-79.1,-72.9,-15.8,-6.2,-102.3
15:55:32.636,1,-74.4,-68.8,-16,-5.6,-94.4
15:55:34.486,1,-94.7,-82.8,-18,-12,-107.1
15:55:35.206,1,-78.6,-73.1,-11.5,-5.5,-93.4
15:55:36.504,1,-81.3,-77.2,-17.2,-4.1,-98
15:55:37.004,1,-79,-72.2,-16.8,-6.8,-93.5
15:55:38.466,1,-77.6,-70.1,-20.1,-7.5,-98
15:55:39.076,1,-87.4,-70.4,-17.4,-17,-98.9
15:55:40.906,1,-82.2,-76,-17.4,-6.2,-101.9
15:55:41.986,1,-81.5,-73.2,-17.2,-8.3,-96.7
15:55:42.346,1,-88,-78.9,-16,-9.1,-102.2
15:55:43.506,1,-81.1,-74,-11.2,-7.1,-90.7
15:55:44.878,1,-80.8,-75.2,-22,-5.6,-92.2
15:55:45.504,1,-98.4,-81.6,-18.4,-16.8,-108.2
15:55:45.546,1,-88.7,-78,-15.2,-10.7,-104.8
15:55:45.966,1,-84.1,-79.6,-15.4,-4.5,-103.1
15:55:46.766,2,-82.8,-78.2,-3.5,-4.6,-91.1
15:55:47.406,2,-90.3,-81.1,-5.8,-9.2,-103.8
15:55:47.486,2,-88,-80.4,-5.2,-7.6,-97.3
15:55:47.566,1,-92.7,-85.3,-8,-7.3,-102.2
15:55:47.584,1,-87.9,-80.1,-7,-7.8,-104.3
15:55:47.784,1,-89.3,-83.7,-2.3,-5.6,-103.3
15:55:48.426,1,-87.9,-79.6,-5.1,-8.3,-99.4
15:55:48.846,1,-90.7,-85,-9.4,-5.7,-107.2
15:55:49.186,1,-85.5,-77.9,-10.1,-7.6,-108.4
15:55:49.224,1,-89.6,-81.9,-4.5,-7.7,-107
15:55:49.784,1,-90.8,-82.1,-0.4,-8.7,-104.1
15:55:49.864,1,-89.6,-81.3,0.6,-8.2,-101.4
15:55:51.746,1,-97.1,-89.1,-1.4,-8,-107
15:55:52.066,1,-96.9,-87.5,3.6,-9.4,-105.3
15:55:52.224,1,-96.1,-88.8,2.6,-7.4,-106.4
15:55:52.746,1,-93.5,-88.5,0,-5,-112.9
15:55:53.168,1,-96.6,-83.8,5.6,-12.8,-104.3
15:55:53.784,1,-92.4,-83.7,-9,-8.8,-107.7
15:55:53.886,1,-91.3,-81.7,-4.2,-9.6,-108
15:55:54.316,1,-92,-81.8,-2.1,-10.2,-107.5
15:55:54.606,1,-79.5,-71.7,-31,-7.8,-98.4
15:55:55.378,1,-88.4,-75.8,-14.4,-12.6,-103.1
15:55:56.126,1,-74.5,-69.3,-23.4,-5.2,-87
15:55:56.144,1,-74.3,-69,-25.4,-5.3,-90.2
15:55:56.224,1,-70.8,-63.4,-27,-7.4,-87.2
15:55:56.546,1,-75.3,-66,-24,-9.3,-85.2
15:55:57.186,2,-84.6,-73.4,-22,-11.2,-100.1
15:55:57.584,2,-77.1,-69.2,-27.2,-7.9,-94.4
15:55:57.916,2,-77.8,-73.1,-20.4,-4.7,-89.9
15:55:59.006,1,-73.7,-66,-18.2,-7.7,-88
15:56:00.706,1,-74,-70.9,-13.3,-3.1,-92.6
15:56:01.806,1,-81.3,-73.2,-11.8,-8.1,-95.4
15:56:02.826,1,-81.8,-71.1,-11.1,-10.7,-95.7
15:56:02.878,1,-83,-73.5,-4.8,-9.5,-96.1
15:56:03.966,2,-86.4,-72.9,-11.5,-13.4,-99.2
15:56:04.046,2,-81.8,-72.7,-14.4,-9.1,-95.2
15:56:04.746,2,-77.6,-74,-14,-3.6,-90.3
15:56:05.046,1,-74.4,-70.3,-13.8,-4.1,-94.4
15:56:05.386,1,-76.6,-72,-16.7,-4.6,-96.9
15:56:06.224,1,-79,-74.8,-13.4,-4.2,-96.4
15:56:06.306,1,-79.7,-72,-16.1,-7.7,-93.2
15:56:06.436,1,-76.4,-71.1,-18.4,-5.3,-90.3
15:56:07.146,1,-78.5,-71.1,-13.4,-7.4,-97
15:56:07.276,1,-84.8,-77.5,-17.8,-7.3,-106.3
15:56:08.366,1,-90.6,-76.6,-21,-14.1,-103.4
15:56:08.706,2,-91.1,-79.5,-13.7,-11.6,-106.2
15:56:09.666,2,-86.6,-72.2,-21,-14.4,-101.9
15:56:10.026,2,-88.5,-78.3,-18,-10.2,-104.7
15:56:10.076,2,-84.6,-76.2,-15.1,-8.4,-98.3
15:56:10.666,2,-75.4,-67.2,-10.1,-8.3,-87.4
15:56:10.746,2,-74.9,-69.5,-9.9,-5.4,-88.6
15:56:10.796,2,-74.7,-68.3,-11.7,-6.4,-93.9
15:56:11.176,1,-77.8,-70.7,-7.5,-7.1,-92.4
15:56:12.606,1,-78.4,-70.6,-11.1,-7.8,-91.4
15:56:12.946,1,-77.1,-71.4,-0.2,-5.6,-83.2
15:56:14.056,1,-79,-74.1,-19,-5,-96.9
15:56:14.778,1,-78.6,-70.8,-13.4,-7.8,-93.2
15:56:15.116,1,-82,-74.3,-15.3,-7.7,-98.9
15:56:15.144,1,-78.8,-71,-10.2,-7.8,-99.1
15:56:15.224,1,-80.2,-75.7,-12.4,-4.5,-98.3
15:56:15.546,1,-77.5,-70.3,-10.4,-7.2,-89.7
15:56:18.366,1,-77.2,-73.8,-14.2,-3.5,-98.2
15:56:18.446,1,-74.1,-68.8,-11.2,-5.3,-89
15:56:18.864,1,-71.1,-67.3,-16.4,-3.8,-88.3
15:56:19.436,1,-76.4,-71.7,-14.8,-4.7,-93
15:56:20.156,1,-77.8,-70.9,-22.4,-6.9,-96.6
15:56:21.326,1,-77.7,-72.2,-20.4,-5.6,-91.6
15:56:21.666,1,-68.7,-64.4,-18.2,-4.3,-88.9
15:56:22.144,1,-73.8,-69.9,-19.4,-3.8,-95
15:56:22.224,1,-83.8,-73.2,-22.4,-10.6,-98.6
15:56:23.584,1,-76.7,-70.8,-21,-5.8,-99.3
15:56:23.864,1,-76.8,-71.4,-18,-5.4,-92.1
15:56:24.144,1,-75.5,-69,-20,-6.5,-94.1
15:56:24.504,1,-82.1,-76.2,-19,-5.9,-96.6
15:56:24.846,1,-78.4,-70.6,-11,-7.8,-93.2
15:56:24.864,1,-79.2,-72.4,-11,-6.8,-97.7
15:56:25.306,1,-83.4,-75.7,-7.2,-7.8,-96.5
15:56:25.918,1,-79,-74.6,-14.2,-4.4,-98.6
15:56:25.998,1,-81.8,-74.2,-11.1,-7.6,-95.5
15:56:26.288,1,-84.2,-76.6,-11.4,-7.6,-93.5
15:56:26.466,1,-83.7,-76.1,-9.4,-7.6,-96.2
15:56:27.426,1,-83.9,-74.9,-5.8,-9,-99.5
15:56:27.716,1,-95.1,-79.9,2,-15.2,-102.7
15:56:27.776,1,-93,-81.6,-2,-11.4,-100.5
15:56:28.446,2,-94.7,-78.8,-1,-15.9,-99.3
15:56:29.566,2,-93.6,-82.8,-1.1,-10.8,-106.5
15:56:29.706,2,-103.2,-82.3,-3.5,-20.9,-108.1
15:56:29.936,2,-100,-82.7,-1,-17.3,-105.6
15:56:32.026,2,-91.4,-79.9,5,-11.5,-100.1
15:56:32.356,2,-100.1,-81.9,1.7,-18.2,-105.4
15:56:32.406,2,-102.7,-83.2,-4,-19.5,-112.8
15:56:32.584,2,-95.3,-82.8,-2.2,-12.5,-103.4
15:56:32.756,2,-95.9,-86,9.5,-9.9,-107.4
15:56:33.166,2,-96.9,-85.7,2.8,-11.3,-109.8
15:56:33.584,2,-99.6,-87.2,3.8,-12.4,-98.4
15:56:33.826,2,-105.2,-90.8,2.6,-14.5,-111.2
15:56:34.616,2,-104.7,-89.3,1.5,-15.4,-115.3
15:56:34.626,2,-107.4,-89.5,0.5,-17.9,-110.8
15:56:34.966,2,-102.4,-87.8,8,-14.6,-108.2
15:56:35.386,2,-95.1,-84.8,7.6,-10.3,-108.4
15:56:36.046,1,-98.6,-88.2,7.8,-10.4,-112.6
15:56:37.426,1,-99.9,-88.7,3,-11.2,-114.2
15:56:38.156,2,-101.9,-91.4,7.6,-10.5,-107
15:56:39.906,2,-98.3,-89.2,9.8,-9,-103.7
15:56:41.406,1,-101.5,-90.7,7.6,-10.8,-106.1
15:56:41.486,1,-101.4,-91.4,5.6,-10,-117.9
15:56:42.116,1,-98.9,-88.1,3.6,-10.9,-110.6
15:56:42.546,1,-96.8,-88.1,6.6,-8.7,-112.5
15:56:43.046,2,-97.9,-87.2,7.5,-10.7,-109.3
15:56:43.646,2,-97.7,-88.6,3.1,-9.1,-107.3
15:56:43.906,2,-99,-90.7,7.5,-8.4,-102.7
15:56:43.986,2,-97.2,-89.2,6.1,-8.1,-104.8
15:56:46.146,2,-95.8,-87.3,5.9,-8.5,-106.9
15:56:47.966,1,-101.7,-90.5,1,-11.2,-110.8
15:56:48.958,2,-99.4,-89.2,2.8,-10.2,-108.8
15:56:50.386,1,-95.9,-85.8,0,-10,-108.3
15:56:52.976,2,-93.5,-83.5,-6,-10,-106.3
